info,walk,syn,N,mu
1.0,1.0,1.0,600,0.2
1.0,1.0,0.9999999999999997,600,0.2
0.9999999999999998,0.9999999999999998,1.0,600,0.2
1.0,0.9823234198185883,1.0,600,0.2
1.0,1.0,1.0,600,0.2
1.0000000000000002,1.0000000000000002,1.0000000000000002,600,0.2
1.0,1.0,1.0000000000000002,600,0.2
1.0,1.0,1.0,600,0.2
1.0,1.0,1.0,600,0.2
1.0,0.9920884744045011,1.0,600,0.2
1.0000000000000002,1.0000000000000002,1.0000000000000002,600,0.25
1.0,0.9915798551751767,1.0,600,0.25
0.9999999999999998,0.9999999999999998,0.9999999999999998,600,0.25
1.0000000000000002,1.0000000000000002,1.0,600,0.25
0.9999999999999998,0.9926086345874685,1.0000000000000002,600,0.25
1.0,0.9909960792849054,1.0,600,0.25
1.0,1.0,1.0,600,0.25
1.0,0.9920472240265131,0.9987234635507021,600,0.25
1.0,0.9974764842248263,1.0,600,0.25
1.0,0.9973467140037474,0.9987726953727276,600,0.25
0.9943223094345619,0.9866505242782441,0.9947176965590022,600,0.30000000000000004
1.0,1.0,0.9999999999999998,600,0.30000000000000004
0.9941877249455731,0.9847271664883559,0.9975206759070951,600,0.30000000000000004
1.0,1.0,1.0,600,0.30000000000000004
1.0,0.963971041673174,1.0,600,0.30000000000000004
0.9915833891125021,0.9971687199328014,0.993086915125115,600,0.30000000000000004
1.0,0.9850586874383116,1.0000000000000002,600,0.30000000000000004
0.9817823589261578,0.99174741707951,0.9922018021704637,600,0.30000000000000004
0.9999999999999998,0.993067704422428,1.0,600,0.30000000000000004
1.0,0.9899148445818775,1.0,600,0.30000000000000004
0.9972490671637708,0.9713616937651243,0.9956688600950144,600,0.35000000000000003
0.9707002841105256,0.9372243291777839,0.9669354126448112,600,0.35000000000000003
0.9973697391444861,0.9568107357615879,0.9973697391444859,600,0.35000000000000003
0.9832869206164018,0.9626551587871889,0.9815506476886585,600,0.35000000000000003
0.9940157289609246,0.988516004185894,0.9970370626617285,600,0.35000000000000003
0.9915908429038099,0.9672248718368849,0.987724532320537,600,0.35000000000000003
0.9889468896710771,0.9287118276469523,0.9776520141204063,600,0.35000000000000003
0.9811934479252208,0.9527703796660624,0.9687381198201794,600,0.35000000000000003
0.9914105691498549,0.9916119559028653,0.9956049339785732,600,0.35000000000000003
0.9908440785491058,0.9562791291205402,0.9910819719523024,600,0.35000000000000003
0.0,0.9443260711815542,0.9508993326507088,600,0.4
0.9792657798792935,0.9251391456005315,0.9495356645276748,600,0.4
0.9538587121097021,0.9174940341703415,0.9567937494293524,600,0.4
0.9489201682899276,0.9438111659778842,0.9604232552522168,600,0.4
0.9814184175164854,0.9160854184365127,0.9712021605245847,600,0.4
0.0,0.9319658535021793,0.9404147868343096,600,0.4
0.0,0.9135949060731865,0.963219622566454,600,0.4
0.9703498196254692,0.8976611303526874,0.9516973365932158,600,0.4
0.0,0.9328512180261608,0.9516896621566554,600,0.4
0.9463563436710647,0.9441314885882888,0.9489080009754951,600,0.4
0.0,0.721080010280881,0.799515725267835,600,0.45000000000000007
0.0,0.7603506100202917,0.8395298852702837,600,0.45000000000000007
0.0,0.8129280761979726,0.8720111215101543,600,0.45000000000000007
0.0,0.7805789981175183,0.8340518678257065,600,0.45000000000000007
0.0,0.8591791331731745,0.8798311171948969,600,0.45000000000000007
0.0,0.8324904684059884,0.8777306739110327,600,0.45000000000000007
0.0,0.7663890368347426,0.872081464765954,600,0.45000000000000007
0.0,0.7819202216181261,0.7873008891486306,600,0.45000000000000007
0.0,0.7148930485247428,0.746481157058526,600,0.45000000000000007
0.0,0.8079578537126291,0.7939725641016979,600,0.45000000000000007
0.0,0.6610888229223528,0.6708412958337707,600,0.5
0.0,0.6052263367487968,0.586130216388324,600,0.5
0.0,0.5736083932306518,0.5271627778318605,600,0.5
0.0,0.6870691127240992,0.7329000313912212,600,0.5
0.0,0.6187009383987255,0.6383499288876855,600,0.5
0.0,0.6016983518838727,0.5347844876679637,600,0.5
0.0,0.6016391069930952,0.5331341533275672,600,0.5
0.0,0.5723899631773435,0.5734081520454836,600,0.5
0.0,0.5804138220215229,0.6594596355587441,600,0.5
0.0,0.6718376791408266,0.6438605779044317,600,0.5
0.0,0.5098547079472562,0.4792749151023488,600,0.55
0.0,0.40179593082365733,0.352446270905863,600,0.55
0.0,0.4176634102128154,0.400309990136307,600,0.55
0.0,0.4537247350193655,0.40196071464469574,600,0.55
0.0,0.39359933624118487,0.2718573342643404,600,0.55
0.0,0.3825230100787748,0.336192802482594,600,0.55
0.0,0.367396736739462,0.27230088537663366,600,0.55
0.0,0.498817097967492,0.4419765425952639,600,0.55
0.0,0.48194633248953894,0.4509579472440981,600,0.55
0.0,0.43516368472950834,0.3814173977537515,600,0.55
0.0,0.17026087640039161,0.12314992781731231,600,0.6000000000000001
0.0,0.22039204507400756,0.1581323948720185,600,0.6000000000000001
0.0,0.2229562934947881,0.15906849638480725,600,0.6000000000000001
0.0,0.2617141905332252,0.20831900007492266,600,0.6000000000000001
0.0,0.31632271068921547,0.2099055392145947,600,0.6000000000000001
0.0,0.1767496586959765,0.14017514138950568,600,0.6000000000000001
0.0,0.2648440184373265,0.1462659219678063,600,0.6000000000000001
0.0,0.23439818088295586,0.16719835885393827,600,0.6000000000000001
0.0,0.2799514810953215,0.24324305516126554,600,0.6000000000000001
0.0,0.25899324147160346,0.18687878107473543,600,0.6000000000000001
0.0,0.13080526643862,0.1297693781015707,600,0.6500000000000001
0.0,0.13268727366894847,0.10875821865183065,600,0.6500000000000001
0.0,0.09566366843177763,0.07021387537456474,600,0.6500000000000001
0.0,0.08462008264698781,0.043905479186069886,600,0.6500000000000001
0.0,0.1093275942769125,0.05224262549317411,600,0.6500000000000001
0.0,0.11513016350426082,0.04759227820480031,600,0.6500000000000001
0.0,0.13502286550461087,0.04434211855091748,600,0.6500000000000001
0.0,0.13106918558729194,0.07719868098644696,600,0.6500000000000001
0.0,0.1178672828341195,0.1071137610739593,600,0.6500000000000001
0.0,0.15119227296391025,0.13670605272174732,600,0.6500000000000001
0.0,0.03728510065323476,0.025384228603854392,600,0.7000000000000002
0.0,0.03315921472355734,0.0015244356728065253,600,0.7000000000000002
0.0,0.06895464083032167,0.04716986837188805,600,0.7000000000000002
0.0,0.03508459002562695,0.02303752700545769,600,0.7000000000000002
0.0,0.05788962786833267,0.039360366797862,600,0.7000000000000002
0.0,0.03686865357492923,0.05486591553246425,600,0.7000000000000002
0.0,0.04072389480438198,0.04418496926965562,600,0.7000000000000002
0.0,0.0352807432930475,0.03724095480351698,600,0.7000000000000002
0.0,0.0800365719147373,0.04704021866779596,600,0.7000000000000002
0.0,0.029746685022402755,0.014698661654360522,600,0.7000000000000002
0.0,0.0108086661294507,-0.022877419490507676,600,0.7500000000000002
0.0,0.003515978215309651,0.00688509821435794,600,0.7500000000000002
0.0,0.026482535588979048,-0.0065180620721187,600,0.7500000000000002
0.0,0.011578931833936806,0.0059437803139440444,600,0.7500000000000002
0.0,0.007291783354476268,-0.006224135040313289,600,0.7500000000000002
0.0,0.030195503134688672,0.01656777198252496,600,0.7500000000000002
0.0,0.022037809972969943,0.015767249016291996,600,0.7500000000000002
0.0,0.013891052656945142,-0.008544011237139632,600,0.7500000000000002
0.0,0.0043924606429747975,-0.005312183374676372,600,0.7500000000000002
0.0,0.02298777311857249,0.016900141149540387,600,0.7500000000000002
0.0,-0.006592180350152574,-0.02455118272378477,600,0.8
0.0,0.020401451355105415,-0.019530741318688285,600,0.8
0.0,-0.0033568535591536673,-0.006551557981750617,600,0.8
0.0,0.006209047181963877,-0.018557469936418488,600,0.8
0.0,-0.007512752475774149,-0.022689448072373254,600,0.8
0.0,-0.0023970205673285905,-0.012489938168129131,600,0.8
0.0,-0.0007065462875278447,-0.019943454763188654,600,0.8
0.0,-0.002424259872145732,-0.014855334753595292,600,0.8
0.0,0.0025429432409221522,-0.005987691051199665,600,0.8
0.0,0.006677166395538468,-0.01029707802121539,600,0.8
0.9984964861795784,0.9970401888152177,0.996963911416545,1200,0.2
0.9999999999999997,0.9999999999999997,0.9999999999999999,1200,0.2
1.0,0.9892690647597603,0.9999999999999999,1200,0.2
0.9973170023456969,0.9986051842517287,0.9973170023456969,1200,0.2
1.0000000000000002,0.9972993610938241,0.9994636863113662,1200,0.2
1.0,1.0,1.0,1200,0.2
1.0,0.9939852177996995,1.0,1200,0.2
1.0,0.9951624972207167,1.0000000000000002,1200,0.2
0.9999999999999999,0.9984441691589803,1.0,1200,0.2
1.0,0.9958939839799815,1.0,1200,0.2
0.9943824747414728,0.9884827575813903,0.9971133843114603,1200,0.25
0.9983079769000196,0.9968419934680048,0.9983079769000196,1200,0.25
0.9983994883295065,0.9923720060719456,0.9983994883295068,1200,0.25
0.9986720775104708,0.9926584447798997,0.9994600543856967,1200,0.25
0.9974328893025902,0.9746021301606179,0.9979971707464014,1200,0.25
1.0,0.9944492643055886,1.0,1200,0.25
1.0,0.9825766078817149,1.0,1200,0.25
0.9985664303929964,0.9985664303929964,0.9985664303929968,1200,0.25
0.9986970261974429,0.9823539005608879,0.9990903670985565,1200,0.25
0.9985484886807185,0.992856584133533,0.9985484886807185,1200,0.25
0.994344522674517,0.9884745617452888,0.995464907326178,1200,0.30000000000000004
0.9906740956175275,0.9783846745305026,0.9866788426946803,1200,0.30000000000000004
0.9969927929802116,0.9867555612105887,0.9986697205668702,1200,0.30000000000000004
0.9987544871507842,0.9928462949059269,0.9980148502088539,1200,0.30000000000000004
0.9958183936143692,0.9880202158671643,0.9922538036272883,1200,0.30000000000000004
0.9922550482768541,0.9734699050004795,0.9899555621752035,1200,0.30000000000000004
0.9971384061320592,0.9695606459024313,0.996904421830485,1200,0.30000000000000004
0.992395318804214,0.9881347826099164,0.9940679453456659,1200,0.30000000000000004
0.9929376343264993,0.982640255782719,0.9977950902740919,1200,0.30000000000000004
0.9916539317140515,0.9771813234228655,0.9884899513192484,1200,0.30000000000000004
0.988779088485286,0.9639677189987819,0.9900957587341428,1200,0.35000000000000003
0.991211563230441,0.9623806587876083,0.979331049219056,1200,0.35000000000000003
0.9953004069204433,0.9851215371798913,0.9890594735425309,1200,0.35000000000000003
0.9882238870770178,0.9824394157951638,0.9813222102121835,1200,0.35000000000000003
0.9829339527041899,0.958280638808739,0.9773789448562509,1200,0.35000000000000003
0.9808331063515338,0.9705396882169612,0.9747863788936735,1200,0.35000000000000003
0.9809909806766509,0.9480240912230746,0.9622677622730438,1200,0.35000000000000003
0.9688960758378118,0.9344090105044458,0.9598040683635488,1200,0.35000000000000003
0.990044287459844,0.9709528300823282,0.981703158114035,1200,0.35000000000000003
0.9914584668245109,0.9815166555226202,0.9819624392627755,1200,0.35000000000000003
0.9722602201440623,0.9167950990710054,0.9540495381011453,1200,0.4
0.9633879691529048,0.8977468896092323,0.9336056019597015,1200,0.4
0.9725087426911797,0.9277010772318766,0.9058722828227219,1200,0.4
0.9620445807852857,0.9132217138603431,0.9487455212987991,1200,0.4
0.9356980755975348,0.8794800486399393,0.9019931319632777,1200,0.4
0.9727594526822599,0.9320123642404121,0.949887942931946,1200,0.4
0.9396214893145083,0.9035111925749003,0.9246420900331813,1200,0.4
0.968572466930698,0.9098425340451258,0.914796825869831,1200,0.4
0.9630861348820282,0.9087077627496718,0.9441302475985122,1200,0.4
0.9592520531905053,0.9075151142734508,0.9494446135087705,1200,0.4
0.8818768533791779,0.7666399388791122,0.818116181161632,1200,0.45000000000000007
0.9282383552059681,0.802173439621111,0.8556686894344191,1200,0.45000000000000007
0.0,0.7445871968851242,0.708362151122176,1200,0.45000000000000007
0.887487967435171,0.7293566619346511,0.7182560401886923,1200,0.45000000000000007
0.8977557685765096,0.765562093409782,0.8073636789850945,1200,0.45000000000000007
0.9144906507773783,0.7252286145429734,0.8640048726113293,1200,0.45000000000000007
0.946665320083286,0.8329923730561978,0.8791628117728963,1200,0.45000000000000007
0.886917021089505,0.7725776213413691,0.8593998524587856,1200,0.45000000000000007
0.8541059727390278,0.7386543123628984,0.7827664258471082,1200,0.45000000000000007
0.9043151449933741,0.7521271339681175,0.7939650365520485,1200,0.45000000000000007
0.0,0.6097375139498845,0.6027018816378189,1200,0.5
0.0,0.6317359290554395,0.7080295248648327,1200,0.5
0.8470208186631434,0.6430953729238522,0.72816293716861,1200,0.5
0.0,0.6841972626845142,0.7145749533646362,1200,0.5
0.0,0.6061942562474855,0.6339016132903793,1200,0.5
0.0,0.5258831605046078,0.49053052099934674,1200,0.5
0.0,0.6519100040245641,0.6459537775671232,1200,0.5
0.0,0.584569868481458,0.5988822566670371,1200,0.5
0.0,0.6324456260104491,0.6103756707360762,1200,0.5
0.0,0.6540382140570806,0.6617077466233585,1200,0.5
0.0,0.35175729285494317,0.3298773983311125,1200,0.55
0.0,0.4189492447019979,0.357869533912443,1200,0.55
0.0,0.4917207617727283,0.5476358681564713,1200,0.55
0.0,0.4163458574676352,0.37143049055858834,1200,0.55
0.0,0.47515627694202833,0.5675487904610093,1200,0.55
0.0,0.35515594524346256,0.3326147894742555,1200,0.55
0.0,0.4547875804019883,0.4903678866665965,1200,0.55
0.0,0.41844109114999045,0.3285932373097104,1200,0.55
0.0,0.4319579034959505,0.38866645727696864,1200,0.55
0.0,0.39967240077939237,0.3826792300942406,1200,0.55
0.0,0.21566641048955795,0.15789261871941734,1200,0.6000000000000001
0.0,0.2614099525966241,0.26560860915921813,1200,0.6000000000000001
0.0,0.27419374934916374,0.24256185216504286,1200,0.6000000000000001
0.0,0.29840591458782034,0.29842394981561277,1200,0.6000000000000001
0.0,0.2152084832969365,0.22895463663336224,1200,0.6000000000000001
0.0,0.21481171443364963,0.18255962226483305,1200,0.6000000000000001
0.0,0.2543986695123592,0.237176731294583,1200,0.6000000000000001
0.0,0.27547718766560075,0.28491195363613164,1200,0.6000000000000001
0.0,0.23031280442255514,0.17172456219897553,1200,0.6000000000000001
0.0,0.2094545486094429,0.2238065893657017,1200,0.6000000000000001
0.0,0.10649153467669199,0.07979214490365678,1200,0.6500000000000001
0.0,0.09934414123504313,0.10314735850262295,1200,0.6500000000000001
0.0,0.1322718561819476,0.10855234988201566,1200,0.6500000000000001
0.0,0.11575763949221311,0.09956906212096597,1200,0.6500000000000001
0.0,0.12312194877168824,0.10393851899232767,1200,0.6500000000000001
0.0,0.09639900210002827,0.07108656249962819,1200,0.6500000000000001
0.0,0.08900148782302097,0.10498543473486376,1200,0.6500000000000001
0.0,0.1110923062748516,0.09134558257989597,1200,0.6500000000000001
0.0,0.05646035225478298,0.05196766259977625,1200,0.6500000000000001
0.0,0.1676091254526262,0.13886115048463846,1200,0.6500000000000001
0.0,0.033278383232139684,0.03061439014812195,1200,0.7000000000000002
0.0,0.037595876040197936,0.07481919651334909,1200,0.7000000000000002
0.0,0.05574503408882366,0.04793982169695983,1200,0.7000000000000002
0.0,0.050628798645494875,0.07403371447955115,1200,0.7000000000000002
0.0,0.0433643508274491,0.040793312702485866,1200,0.7000000000000002
0.0,0.03101541632674098,0.051720599392662873,1200,0.7000000000000002
0.0,0.022788988175511983,0.034544953927451785,1200,0.7000000000000002
0.0,0.07222379462059346,0.052908967438320166,1200,0.7000000000000002
0.0,0.07176224501491506,0.06773410745950632,1200,0.7000000000000002
0.0,0.07235482759135771,0.06750719875518382,1200,0.7000000000000002
0.0,0.014259334996194596,0.026655990996299443,1200,0.7500000000000002
0.0,0.016554605796036514,0.03100064934797757,1200,0.7500000000000002
0.0,0.01687424494561491,0.018207926636050326,1200,0.7500000000000002
0.0,0.003914175628154838,0.007938951715765964,1200,0.7500000000000002
0.0,0.02500233943403282,0.05288392565953022,1200,0.7500000000000002
0.0,0.005768594726184871,0.012070790036890605,1200,0.7500000000000002
0.0,0.00867584787562161,0.01144515664353328,1200,0.7500000000000002
0.0,0.003000793241733559,0.014316782700722447,1200,0.7500000000000002
0.0,0.02526569766017326,0.02555919579094503,1200,0.7500000000000002
0.0,0.0019120606906192293,0.012155357157162726,1200,0.7500000000000002
0.0,-0.0042008259421124905,0.0022173373173041693,1200,0.8
0.0,-0.0009303752523363932,0.0015624870072348594,1200,0.8
0.0,0.00864700309558509,0.007294902690330517,1200,0.8
0.0,0.019765088107825728,0.012995637371303624,1200,0.8
0.0,-0.002894938943051956,-0.008170363406513595,1200,0.8
0.0,0.0013803698456075761,-0.01083163910941506,1200,0.8
0.0,0.010031418488615359,-0.006772579046756266,1200,0.8
0.0,0.0016198516847071845,0.005613046279859684,1200,0.8
0.0,-0.002244731529928556,0.0011342673059927945,1200,0.8
0.0,-0.0010005575432679105,-0.008324665615389757,1200,0.8
1.0,0.9985511351979031,1.0,2400,0.2
0.9992456881219484,0.9945506436776478,0.9989224645606691,2400,0.2
1.0,1.0,0.9999999999999999,2400,0.2
1.0,0.9938522146664077,0.9997316648235725,2400,0.2
0.9987204642638629,0.9993358277898632,0.999335827789863,2400,0.2
0.999315099199171,0.999315099199171,1.0000000000000002,2400,0.2
0.9992577704245729,0.9951572906443678,0.9996710442788147,2400,0.2
1.0,0.997699271742595,1.0,2400,0.2
1.0,0.9929373080563966,1.0,2400,0.2
0.9992118887624089,0.9966033565935906,1.0000000000000002,2400,0.2
0.9987104942898261,0.9723963031867747,0.9973057467334661,2400,0.25
0.9985560184471504,0.9904898349794458,0.9984863338865845,2400,0.25
1.0,0.9871014126266511,1.0,2400,0.25
0.9992649816583755,0.9967470273640773,0.9994045369538753,2400,0.25
1.0,0.9920469150831867,1.0,2400,0.25
0.9973047734479268,0.9924951906192288,0.9988146697961737,2400,0.25
0.9986547766186369,0.9921263730658946,0.9973366061387181,2400,0.25
0.9980229364904797,0.9919070767772249,0.9980229364904796,2400,0.25
1.0,0.9965017661383602,0.9999999999999999,2400,0.25
0.9925958487729495,0.9706583829588007,0.9953612405139668,2400,0.25
0.9935998819114583,0.9883512204184174,0.9924035483673455,2400,0.30000000000000004
0.9961665240136734,0.9778435660616215,0.9970071126031597,2400,0.30000000000000004
0.9863248903342385,0.9466821200196728,0.991150772741081,2400,0.30000000000000004
0.9978166151110293,0.9814422451709887,0.9979477792924347,2400,0.30000000000000004
0.9959924042425775,0.9738097155952897,0.9930771675674395,2400,0.30000000000000004
0.9894227638477029,0.9622683954869542,0.9835110596746561,2400,0.30000000000000004
0.9913722210956477,0.9880282649953117,0.9899542069173813,2400,0.30000000000000004
0.9924285511483587,0.981659904096653,0.9943228055571974,2400,0.30000000000000004
0.9978096003333717,0.984290007902335,0.9997017130782301,2400,0.30000000000000004
0.9907741641914798,0.9826062192635581,0.9885810969028841,2400,0.30000000000000004
0.9936105328725421,0.9690994541616498,0.9915385960922184,2400,0.35000000000000003
0.989699266303923,0.9809803315526127,0.9864110293265271,2400,0.35000000000000003
0.9867656395823834,0.9685757319194134,0.9786410368625242,2400,0.35000000000000003
0.9890897538595452,0.9764867902792148,0.9829789346683508,2400,0.35000000000000003
0.9845988278917455,0.9720919217751015,0.9871422527810101,2400,0.35000000000000003
0.9848074161215903,0.9758337623259221,0.9833165284992949,2400,0.35000000000000003
0.9913159434639263,0.9857316420239584,0.9943477957705374,2400,0.35000000000000003
0.9840779867539678,0.9736662758801538,0.975169235429538,2400,0.35000000000000003
0.969501785220751,0.9380404370319331,0.9674648720123186,2400,0.35000000000000003
0.9838357249406132,0.9625499220359581,0.9827148361417123,2400,0.35000000000000003
0.9735149677381343,0.9296559547823345,0.9386708640424455,2400,0.4
0.9596654530720248,0.9094616385972909,0.9345237563060228,2400,0.4
0.9533582598282903,0.9159035506427556,0.9512315415310404,2400,0.4
0.9847157067701122,0.9298656743910589,0.9701268093034873,2400,0.4
0.9806773652325249,0.941496169371942,0.9550281752991825,2400,0.4
0.964621078010727,0.8774343580917607,0.9555303992971635,2400,0.4
0.9714730992132093,0.9137635033001111,0.9291575672219571,2400,0.4
0.9708426642552817,0.8935304460435345,0.9362735656060872,2400,0.4
0.9693017152122326,0.9048630934887711,0.9266767292120799,2400,0.4
0.9724718921915825,0.9163610579462653,0.953013539946532,2400,0.4
0.9280458160996226,0.826492570707149,0.8766245233671354,2400,0.45000000000000007
0.961820909855626,0.8688180003911876,0.9188755073591511,2400,0.45000000000000007
0.9283453271899369,0.8379374647314566,0.8864973728065346,2400,0.45000000000000007
0.9321166018787568,0.7936371092881169,0.8607455163891451,2400,0.45000000000000007
0.9387155639877086,0.8445808638850834,0.827219665043813,2400,0.45000000000000007
0.9125867775148951,0.81001437257702,0.8826328620313856,2400,0.45000000000000007
0.9319245451930166,0.8142311876075667,0.869686252436097,2400,0.45000000000000007
0.9112913497522046,0.8119272166542136,0.874077480456077,2400,0.45000000000000007
0.9209023277834629,0.8282872159871569,0.859380385568116,2400,0.45000000000000007
0.9217155149420581,0.7793923855720636,0.8336417856196658,2400,0.45000000000000007
0.8653804935265188,0.6640448406827137,0.7168808514498237,2400,0.5
0.8079854912994006,0.6525040933982331,0.7340197912490547,2400,0.5
0.9091961178924143,0.7359386395617927,0.7783395748391272,2400,0.5
0.8731879136401681,0.6726186377565139,0.771854089421953,2400,0.5
0.8720268541971038,0.6967604557875374,0.7473417861206073,2400,0.5
0.0,0.6004361862566596,0.5461018281806301,2400,0.5
0.834075557669221,0.6314110854510271,0.6283967943240203,2400,0.5
0.887024469908046,0.6872277941047942,0.7180030846863341,2400,0.5
0.8996865188167428,0.7284239642037575,0.7535816074663514,2400,0.5
0.0,0.6790371816657564,0.6700161282532421,2400,0.5
0.0,0.4320158571336763,0.47284041382415193,2400,0.55
0.0,0.45686311784094097,0.41863011129668926,2400,0.55
0.0,0.42868609568942423,0.4210803276493822,2400,0.55
0.0,0.43961117342806844,0.39128831771094924,2400,0.55
0.0,0.4663617801394728,0.4772844573660115,2400,0.55
0.0,0.4637759760991986,0.5143088925903113,2400,0.55
0.0,0.4758771381188129,0.43219729159461673,2400,0.55
0.0,0.5188296801718989,0.5778368004065293,2400,0.55
0.0,0.5167514168212016,0.5298271393885581,2400,0.55
0.0,0.575222757599672,0.6819661222153682,2400,0.55
0.0,0.3052227721635951,0.4077190319027837,2400,0.6000000000000001
0.0,0.2920240335149656,0.3005678281430107,2400,0.6000000000000001
0.0,0.2565113371711721,0.2895921638655978,2400,0.6000000000000001
0.0,0.33088802042895427,0.3519887899381205,2400,0.6000000000000001
0.0,0.3817969575061542,0.4759353656230031,2400,0.6000000000000001
0.0,0.26653941719253416,0.21409188191538517,2400,0.6000000000000001
0.0,0.317526658204213,0.3816724515200564,2400,0.6000000000000001
0.0,0.33388911014226147,0.34104836579867803,2400,0.6000000000000001
0.0,0.28997241427898035,0.31438793067611676,2400,0.6000000000000001
0.0,0.13976130613509635,0.09499893938240793,2400,0.6500000000000001
0.0,0.17803564935478655,0.20165926774730844,2400,0.6500000000000001
0.0,0.14464679187690224,0.1604351571219474,2400,0.6500000000000001
0.0,0.10028720834748434,0.09622235269591274,2400,0.6500000000000001
0.0,0.14852017970579423,0.1417464898666945,2400,0.6500000000000001
0.0,0.1489464566212386,0.17480178532818516,2400,0.6500000000000001
0.0,0.13868768146955032,0.10474824989285059,2400,0.6500000000000001
0.0,0.12362507941517886,0.11958823819982461,2400,0.6500000000000001
0.0,0.14553272034797463,0.15823134368239494,2400,0.6500000000000001
0.0,0.10768197441325748,0.10258499861515871,2400,0.6500000000000001
0.0,0.06881277363712912,0.08599672471004793,2400,0.7000000000000002
0.0,0.05698086381681453,0.05618654333786116,2400,0.7000000000000002
0.0,0.0649068065771453,0.025617284950076015,2400,0.7000000000000002
0.0,0.052129743104527074,0.06588910684060573,2400,0.7000000000000002
0.0,0.053033093587323915,0.0513384682432414,2400,0.7000000000000002
0.0,0.06219411393986134,0.06287855680714219,2400,0.7000000000000002
0.0,0.04640918090162168,0.04477849397056463,2400,0.7000000000000002
0.0,0.06602374208053549,0.07296115349528075,2400,0.7000000000000002
0.0,0.06853063906299893,0.056230562778705265,2400,0.7000000000000002
0.0,0.06794015281598086,0.06424087784832497,2400,0.7000000000000002
0.0,0.008365278723694596,0.014584739232875902,2400,0.7500000000000002
0.0,0.009233203493373967,0.00808756484530743,2400,0.7500000000000002
0.0,0.0175947672138941,0.01821747616007147,2400,0.7500000000000002
0.0,0.018993511779217702,0.031225401558779384,2400,0.7500000000000002
0.0,0.021803291160999473,0.02633460403843697,2400,0.7500000000000002
0.0,0.01043171714716662,0.015582397891379319,2400,0.7500000000000002
0.0,0.01834890492183253,0.015350655294679926,2400,0.7500000000000002
0.0,0.02214090140408052,0.022680962551751463,2400,0.7500000000000002
0.0,0.01072219987337875,0.02631015021477425,2400,0.7500000000000002
0.0,0.005005509970404536,0.020086136255145125,2400,0.7500000000000002
0.0,0.000858542428731138,0.004322007462900108,2400,0.8
0.0,0.004099822086808858,0.011856821780779306,2400,0.8
0.0,0.0,0.004188136400331578,2400,0.8
0.0,0.000803957450281876,0.0005714505152850291,2400,0.8
0.0,-0.001444702162982369,-0.003146029846385385,2400,0.8
0.0,-0.002479859447998089,0.0019183386084635165,2400,0.8
0.0,-0.0082624235829528,-0.003362358272371525,2400,0.8
0.0,-0.0047902638055429166,-0.0022982291302119104,2400,0.8
0.0,-0.0015950341947830995,-0.0020886641129252005,2400,0.8
0.0,0.00282471233307912,-0.00020563574531233208,2400,0.8
1.0,0.9972472571357334,1.0,600,0.2
1.0,1.0,1.0,600,0.2
1.0,1.0,1.0,600,0.2
1.0000000000000002,1.0000000000000002,1.0,600,0.2
0.9999999999999998,0.9999999999999998,1.0,600,0.2
1.0000000000000002,1.0000000000000002,1.0000000000000002,600,0.2
1.0000000000000002,1.0000000000000002,1.0000000000000002,600,0.2
1.0,1.0,1.0,600,0.2
1.0,1.0,1.0,600,0.2
1.0,1.0,1.0,600,0.2
1.0000000000000002,1.0000000000000002,1.0000000000000002,1200,0.2
1.0,0.9984866956875316,1.0,1200,0.2
0.9987370205562821,0.9902302936289,0.9994232620908629,1200,0.2
1.0000000000000002,1.0000000000000002,1.0000000000000002,1200,0.2
1.0,0.9809025962185218,1.0000000000000002,1200,0.2
0.9985195787900845,0.9970786708292158,0.9993978750173295,1200,0.2
1.0,1.0,1.0,1200,0.2
1.0,0.9846940353212852,1.0,1200,0.2
1.0,0.9984617077548513,1.0,1200,0.2
1.0,0.9926769180947954,1.0,1200,0.2
0.9991990128484003,0.9948222097855006,0.9991990128484003,2400,0.2
1.0000000000000002,0.9992436008192993,1.0,2400,0.2
1.0,0.9987052002116056,0.9999999999999999,2400,0.2
1.0,0.9971807899126935,1.0,2400,0.2
0.9999999999999999,0.9993320822692788,0.9995729395679356,2400,0.2
1.0,0.9978290271672606,1.0,2400,0.2
1.0,0.998483464597689,1.0,2400,0.2
0.9991866399816565,0.9952664382478345,0.9991866399816564,2400,0.2
,,,2400,0.2
1.0,0.9968580861114748,0.9994109826237592,2400,0.2
1.0,1.0,1.0,600,0.25
1.0000000000000002,1.0000000000000002,1.0,600,0.25
1.0000000000000004,1.0000000000000004,1.0000000000000002,600,0.25
1.0000000000000002,1.0000000000000002,1.0000000000000002,600,0.25
1.0,1.0,1.0,600,0.25
0.9999999999999998,0.9999999999999998,0.9999999999999998,600,0.25
1.0000000000000002,1.0000000000000002,1.0,600,0.25
0.9999999999999998,0.9999999999999998,0.9999999999999998,600,0.25
1.0,0.9973765382643068,0.9988082549312892,600,0.25
1.0,1.0,1.0,600,0.25
0.9974824997368819,0.9908128482414345,0.9962673314864403,1200,0.25
0.9999999999999997,0.9983630827273793,0.9999999999999998,1200,0.25
0.9966655723639405,0.9822079664649511,0.9940730690245937,1200,0.25
1.0000000000000002,0.9901858138645471,0.9983145465802176,1200,0.25
0.9985042732091366,0.9985042732091366,0.9985042732091364,1200,0.25
0.9945933493547445,0.9925524817385776,0.9980786011021513,1200,0.25
0.9984323052569697,0.9986593924643452,0.9983138479689517,1200,0.25
0.9972229735743738,0.9959275544886543,0.9962801362423596,1200,0.25
0.9983779194620679,0.9766350398420649,0.997036054283345,1200,0.25
1.0,0.9984401789201938,0.9992194988976508,1200,0.25
0.9991641232844543,0.9937090122887614,0.999220215655839,2400,0.25
0.996972052537569,0.9925165652281794,0.9982394470271889,2400,0.25
0.9964231620897364,0.9862227445680796,0.9972997031245482,2400,0.25
0.9993074308190615,0.9889924783500204,0.9994292096642267,2400,0.25
0.9993389931523018,0.9954648464452016,0.9984734069272135,2400,0.25
0.999329904812324,0.997262110662652,0.9993482683358298,2400,0.25
0.9993011438978286,0.9942946367537217,0.9985741296850693,2400,0.25
0.9991247504495583,0.9946557530916239,0.9992361382121168,2400,0.25
0.997708960101749,0.9861219079933107,0.998519956958751,2400,0.25
0.998745034618303,0.9938265172076695,0.9972023958579728,2400,0.25
0.9971425196029585,0.9730089121744989,0.997502721998124,600,0.30000000000000004
1.0,1.0,1.0,600,0.30000000000000004
1.0,1.0,1.0,600,0.30000000000000004
0.9973287533144002,0.9930145184742966,0.9988048438634574,600,0.30000000000000004
1.0,1.0,1.0,600,0.30000000000000004
0.9945107347598535,0.987306774886997,0.997353144668027,600,0.30000000000000004
0.9999999999999998,0.9891341077389778,1.0,600,0.30000000000000004
0.996703666603155,0.996703666603155,0.9950360429350502,600,0.30000000000000004
1.0,1.0,0.9999999999999998,600,0.30000000000000004
1.0000000000000002,1.0000000000000002,0.9999999999999998,600,0.30000000000000004
0.9985008571547924,0.9955090211380662,0.9970453587380584,1200,0.30000000000000004
0.9987645124319806,1.0,0.9987645124319806,1200,0.30000000000000004
0.9956168831219384,0.9932764653599301,0.9913203598976165,1200,0.30000000000000004
0.994227269558276,0.9818034449441799,0.9958092863232638,1200,0.30000000000000004
0.9968683054232467,0.9954113457655734,0.9952060377772465,1200,0.30000000000000004
0.9909108719654336,0.9810653686914312,0.9925876988346901,1200,0.30000000000000004
0.986614831499935,0.9704480820811049,0.9881843926564059,1200,0.30000000000000004
0.9865927543117315,0.9798250825237395,0.9818060251868407,1200,0.30000000000000004
0.9908759905899467,0.9475670470086129,0.9898306728197862,1200,0.30000000000000004
0.9945272938061999,0.9778314216589936,0.9941369307781375,1200,0.30000000000000004
0.9927929699553097,0.977242525007665,0.9924636854840526,2400,0.30000000000000004
0.9922798890157674,0.9598022992062456,0.9908679508499129,2400,0.30000000000000004
0.9928674856515135,0.9877555903284237,0.9935815756275522,2400,0.30000000000000004
0.9950598241037086,0.9853317971460445,0.9964835674517096,2400,0.30000000000000004
0.9967989980151197,0.9867651689279242,0.9959851608769195,2400,0.30000000000000004
0.9913179213987834,0.9894180995189399,0.991685587399426,2400,0.30000000000000004
0.9948122165918385,0.9885657825507634,0.9953252099914806,2400,0.30000000000000004
0.9965426048265945,0.9830700495593852,0.993236495946229,2400,0.30000000000000004
0.9925826774742037,0.9741027596442179,0.9918163457616849,2400,0.30000000000000004
0.9941018278450238,0.9663489175529725,0.9942991945615689,2400,0.30000000000000004
0.989068914366054,0.9766746920378584,0.9955977701313109,600,0.35000000000000003
0.9884422344197276,0.9856164746652945,0.9915124629924318,600,0.35000000000000003
0.9867114438021581,0.9814725580575311,0.9921388556678408,600,0.35000000000000003
0.9788248624104572,0.9756512499372496,0.9793824654373026,600,0.35000000000000003
0.9914081115581632,0.986866958323435,0.9876228224020719,600,0.35000000000000003
0.994597478035982,0.9947709791878232,0.9945974780359822,600,0.35000000000000003
1.0,0.9835619724064244,1.0,600,0.35000000000000003
0.9943121205442244,0.990313026582078,0.997253448608615,600,0.35000000000000003
0.9808660486847068,0.9579699645832982,0.9876836600950665,600,0.35000000000000003
0.9814811353339087,0.9519538181372112,0.9851464644402349,600,0.35000000000000003
0.97144501907678,0.9231318196506548,0.9639740766446179,1200,0.35000000000000003
0.9880038810663379,0.9811676866141947,0.9869472376894992,1200,0.35000000000000003
0.987047327193049,0.94717429496674,0.9698089387361518,1200,0.35000000000000003
0.9688623829672297,0.9370941260043204,0.9581344879461904,1200,0.35000000000000003
0.9841895113393643,0.9753411614329086,0.9877412664112439,1200,0.35000000000000003
0.9923042069279655,0.9829026742925249,0.9944892379874709,1200,0.35000000000000003
0.9824536523963482,0.9677031658637909,0.9797506889198598,1200,0.35000000000000003
0.9725911771221818,0.9219111854877924,0.9417741131392054,1200,0.35000000000000003
0.9761033570909764,0.9633741130813123,0.9745974962751422,1200,0.35000000000000003
0.973781640992303,0.9564388288634339,0.9704852549809362,1200,0.35000000000000003
0.9804924991679926,0.9562732780728208,0.9790208532378284,2400,0.35000000000000003
0.9902422726618658,0.9757384875782471,0.9931680374854874,2400,0.35000000000000003
0.9808030526704613,0.9556037964069293,0.9837794014846682,2400,0.35000000000000003
0.984870176598655,0.9638686031304708,0.9864843367427637,2400,0.35000000000000003
0.9941794093518752,0.9754603634677913,0.9903229380051954,2400,0.35000000000000003
0.9857949237233433,0.9489309329697647,0.9828260613108974,2400,0.35000000000000003
0.9865034747991792,0.9685648242464014,0.9766313294536394,2400,0.35000000000000003
0.9718862431691656,0.9183479505487089,0.9704170321363129,2400,0.35000000000000003
0.9948760126261033,0.9373502621115002,0.9870800905373314,2400,0.35000000000000003
0.994838358963123,0.9710062160575683,0.9909390985442943,2400,0.35000000000000003
0.9693443732794352,0.9243356750897299,0.9594857901542165,600,0.4
0.0,0.8985039340978462,0.9730782936189404,600,0.4
0.0,0.8966191833198697,0.9486700001194434,600,0.4
0.0,0.9409793297279033,0.9583100340827632,600,0.4
0.9580502623954344,0.9418722319680418,0.9616369868900038,600,0.4
0.0,0.8937361749586522,0.9570607609563204,600,0.4
0.9725772434249256,0.9254702890804345,0.9666832322268635,600,0.4
0.9680307952463121,0.952567178335606,0.9561723133008639,600,0.4
0.0,0.9328044605043888,0.9470012947008016,600,0.4
0.9519569366393799,0.9014901458544144,0.943278149459866,600,0.4
0.9724823838505682,0.8827450765914213,0.9284124929600768,1200,0.4
0.9443983353810856,0.8616424439076941,0.9021176272828564,1200,0.4
0.9456296876134852,0.8882840371137793,0.9287178494619486,1200,0.4
0.9735459900308078,0.9069500481105672,0.956705486554212,1200,0.4
0.9628953460086943,0.8665192593041394,0.9414360143906065,1200,0.4
0.9448558619581993,0.8702780246757856,0.9181233466640476,1200,0.4
0.9430688308962527,0.8571578454831542,0.8936946817684782,1200,0.4
0.9705319204473254,0.9284065277616339,0.9576346897633972,1200,0.4
0.9540315888892931,0.9018552359920706,0.9288414119916228,1200,0.4
0.9648944272022398,0.8871521289884433,0.9134392504174337,1200,0.4
0.9620551613507071,0.8895955078576457,0.9173044275306063,2400,0.4
,,,2400,0.4
0.955140928354577,0.9088994700394812,0.9399995208116818,2400,0.4
0.9634450056925171,0.9258660584557369,0.9557089291686239,2400,0.4
0.9639735934365108,0.9365156570521087,0.9552994897532482,2400,0.4
0.9754816451861414,0.9234851421212249,0.956542061483896,2400,0.4
0.975039729598598,0.9398582985945693,0.9538819123951134,2400,0.4
0.9649703085621937,0.9091299444196183,0.9564892766348027,2400,0.4
0.9591635383029905,0.8849107809134629,0.937685370342918,2400,0.4
0.9741814147735443,0.9313866830906231,0.921237603903961,2400,0.4
0.0,0.7704898954602422,0.8476170246608672,600,0.45000000000000007
0.0,0.7604659092919759,0.8126511270574867,600,0.45000000000000007
0.0,0.792425267295852,0.8557850629779646,600,0.45000000000000007
0.0,0.78157002684093,0.8945698284249696,600,0.45000000000000007
0.0,0.7397211336026028,0.8103301473953032,600,0.45000000000000007
0.0,0.7671967778871875,0.7938597764533565,600,0.45000000000000007
0.0,0.7131570492442822,0.8135065273292337,600,0.45000000000000007
0.0,0.7800900265942441,0.8386551049062118,600,0.45000000000000007
0.0,0.7774719992511094,0.7825777374640549,600,0.45000000000000007
0.0,0.7962576830415243,0.8307014343202873,600,0.45000000000000007
0.901372143824737,0.8112165914692546,0.8372593821469125,1200,0.45000000000000007
0.9103265565694529,0.7827030284484245,0.7312580093370747,1200,0.45000000000000007
0.8568752716089038,0.6753004781122453,0.7961532247530774,1200,0.45000000000000007
0.8757588433282254,0.7463772112477267,0.8263889834809353,1200,0.45000000000000007
0.9198649838556637,0.8044844644072853,0.8595031342822501,1200,0.45000000000000007
0.9181746260948904,0.7997620578392316,0.8625718173796545,1200,0.45000000000000007
0.890216121435349,0.7414829292294202,0.8123331490102635,1200,0.45000000000000007
0.8803767272715906,0.747428035784736,0.7520439953146708,1200,0.45000000000000007
0.9076079374570388,0.8040837315255099,0.8609932731096772,1200,0.45000000000000007
0.9339603901024437,0.7975437374267613,0.8582775645920585,1200,0.45000000000000007
0.9045000432241044,0.7610294635694762,0.7859630501595546,2400,0.45000000000000007
0.9163758579048751,0.7834664775854661,0.8227401760812499,2400,0.45000000000000007
0.9217758240758981,0.7613485719750185,0.7822826435735926,2400,0.45000000000000007
0.9294627407757181,0.80402852705251,0.8502800655213443,2400,0.45000000000000007
0.9257510955551872,0.7796557222788024,0.8084151626285887,2400,0.45000000000000007
0.937254963903603,0.8026841301907272,0.8302624822458178,2400,0.45000000000000007
0.9306113079375049,0.8257000174600171,0.8391281992217643,2400,0.45000000000000007
0.9258500782149421,0.8415023264930345,0.8547841270949159,2400,0.45000000000000007
0.917079125270641,0.7924210359783281,0.9035078790199746,2400,0.45000000000000007
0.9327793774605754,0.8184685809772095,0.8775761129974047,2400,0.45000000000000007
0.0,0.6002519346110364,0.588369068498382,600,0.5
0.0,0.5840852629008864,0.6024202997913263,600,0.5
0.0,0.6552898147797629,0.716821158981241,600,0.5
0.0,0.6430680417257275,0.6158744177030209,600,0.5
0.0,0.6259030095217293,0.6898897667260195,600,0.5
0.0,0.6150953648239107,0.5432965619552732,600,0.5
0.0,0.667448976953848,0.6038165671492046,600,0.5
0.0,0.5891407566815836,0.5954571454061727,600,0.5
0.0,0.6570502583597444,0.6169098777201526,600,0.5
0.0,0.5644641610239413,0.4770875973135438,600,0.5
0.0,0.5722134209598428,0.5005883834882001,1200,0.5
0.0,0.6808053483689281,0.7357730336099593,1200,0.5
0.0,0.6172332607472233,0.5749799964537642,1200,0.5
0.0,0.630813224970532,0.5076250054180621,1200,0.5
0.0,0.5926556177455062,0.536908733769686,1200,0.5
0.0,0.696817035949838,0.6908091251901268,1200,0.5
0.0,0.6436890323855421,0.6673486065007106,1200,0.5
0.0,0.6864006958414768,0.774056829918419,1200,0.5
0.0,0.6773461619831868,0.7055982234177784,1200,0.5
0.0,0.6957976385037479,0.782922819513822,1200,0.5
0.0,0.6789062673869514,0.6361096736516696,2400,0.5
0.0,0.6305193573815646,0.7079064960620126,2400,0.5
0.8510993025722993,0.6780063334175477,0.7446208114568632,2400,0.5
0.7986656753111562,0.6546943999733454,0.7128471301208009,2400,0.5
0.9051048123377531,0.7144664343040873,0.8324283726107661,2400,0.5
0.8817269099726276,0.6948390955113422,0.7574188438014678,2400,0.5
0.8666005548640431,0.6964789398864009,0.7287334290356252,2400,0.5
0.0,0.7058634642822511,0.7260487644251314,2400,0.5
0.0,0.7381235947401814,0.8167504539234434,2400,0.5
0.9172260180855516,0.747093447590276,0.7908401542709107,2400,0.5
0.0,0.380103063746124,0.35018339493207756,600,0.55
0.0,0.3834852664291051,0.2627375827742805,600,0.55
0.0,0.4208450024613541,0.3785015756434765,600,0.55
0.0,0.42109827405328953,0.3861980576426841,600,0.55
0.0,0.43251786727373254,0.39709425907801044,600,0.55
0.0,0.4837478924384123,0.3752533141122714,600,0.55
0.0,0.3942071341889431,0.34599640366777024,600,0.55
0.0,0.3695513406565926,0.23105368514172944,600,0.55
0.0,0.37759949435862433,0.2576309540419231,600,0.55
0.0,0.39926770404382783,0.3414986863717396,600,0.55
0.0,0.4281493031633246,0.3893867475120852,1200,0.55
0.0,0.446188156013321,0.39645175844385255,1200,0.55
0.0,0.34593118140065765,0.3624141312904638,1200,0.55
0.0,0.4910526343157038,0.5429843231179036,1200,0.55
0.0,0.5299702543099559,0.5370834620647033,1200,0.55
0.0,0.3750365803310861,0.33151204308160576,1200,0.55
0.0,0.43009932753333324,0.41181063900013154,1200,0.55
0.0,0.34808998271402514,0.33336935538852874,1200,0.55
0.0,0.43538152590590395,0.3633063357271743,1200,0.55
0.0,0.414680026568821,0.39392385078504444,1200,0.55
0.0,0.4402428142542925,0.3740811595064752,2400,0.55
0.0,0.5487851277430337,0.6617054717926927,2400,0.55
0.0,0.46485681546654356,0.4951293387318274,2400,0.55
0.0,0.5196675090364516,0.6053711917149012,2400,0.55
0.0,0.5596620815148067,0.6965904357201665,2400,0.55
0.0,0.37851669884274697,0.26676026961303445,2400,0.55
0.0,0.45071431241364557,0.3878786444265473,2400,0.55
0.0,0.5026372190326007,0.508942147146483,2400,0.55
0.0,0.4948733901862765,0.536296956714469,2400,0.55
0.0,0.4120818964417117,0.40182442597354945,2400,0.55
0.0,0.26811191385530503,0.19720485249746733,600,0.6000000000000001
0.0,0.2920302931303868,0.24556410287240316,600,0.6000000000000001
0.0,0.2439489912339306,0.2341974842666788,600,0.6000000000000001
0.0,0.2334209218901011,0.192347106400106,600,0.6000000000000001
0.0,0.22282199613681614,0.24374595895658965,600,0.6000000000000001
0.0,0.2210159431408677,0.1895225574885318,600,0.6000000000000001
0.0,0.23950248069233834,0.23629225966399459,600,0.6000000000000001
0.0,0.2982035607348742,0.2973430992449902,600,0.6000000000000001
0.0,0.3065579360261661,0.26178380672160084,600,0.6000000000000001
0.0,0.23622586243218627,0.167997814452514,600,0.6000000000000001
0.0,0.2564476730442104,0.2113801071722761,1200,0.6000000000000001
0.0,0.23398664374756978,0.19347100773629247,1200,0.6000000000000001
0.0,0.21994449759195087,0.200032214660268,1200,0.6000000000000001
0.0,0.29070789102412914,0.2586910114100303,1200,0.6000000000000001
0.0,0.261764414452317,0.2194582633691755,1200,0.6000000000000001
0.0,0.33272207776891644,0.3889714817052166,1200,0.6000000000000001
0.0,0.22764922296691845,0.16828692383540067,1200,0.6000000000000001
0.0,0.32039217991896596,0.28636507497380725,1200,0.6000000000000001
0.0,0.23541010410700255,0.2290774674252249,1200,0.6000000000000001
0.0,0.20940325527269482,0.2249648775922077,1200,0.6000000000000001
0.0,0.31153548746320775,0.32247555067292927,2400,0.6000000000000001
0.0,0.27834912441230986,0.27944472382079033,2400,0.6000000000000001
0.0,0.34676990418872683,0.39331807395922547,2400,0.6000000000000001
0.0,0.3516120639471102,0.43479697134744055,2400,0.6000000000000001
0.0,0.3671544982166034,0.39795220620100663,2400,0.6000000000000001
0.0,0.20041996001107312,0.14183225581400236,2400,0.6000000000000001
0.0,0.3094739629419582,0.3095193237082379,2400,0.6000000000000001
0.0,0.2923138466053896,0.3013423726561026,2400,0.6000000000000001
0.0,0.38116037302559547,0.43320521482737845,2400,0.6000000000000001
0.0,0.24675599493759,0.21187005966147923,2400,0.6000000000000001
0.0,0.15018565401805073,0.09980844729114192,600,0.6500000000000001
0.0,0.11118788125163806,0.14647639115087735,600,0.6500000000000001
0.0,0.08970991365705473,0.04924018809868642,600,0.6500000000000001
0.0,0.11533817842822675,0.0478873968112559,600,0.6500000000000001
0.0,0.10295896351114779,0.07911910549541964,600,0.6500000000000001
0.0,0.10472137235223106,0.06584079629325024,600,0.6500000000000001
0.0,0.16584691203452967,0.09038994610250899,600,0.6500000000000001
0.0,0.13628700123610102,0.08704462489937731,600,0.6500000000000001
0.0,0.11662742528976228,0.051614492041921436,600,0.6500000000000001
0.0,0.13381367621962498,0.07539877230551353,600,0.6500000000000001
0.0,0.12640548599535767,0.12046549066286921,1200,0.6500000000000001
0.0,0.10621953521017191,0.0995000375586372,1200,0.6500000000000001
0.0,0.09144055744987671,0.09880272885049035,1200,0.6500000000000001
0.0,0.11421948571934952,0.11074990946082154,1200,0.6500000000000001
0.0,0.10256974711559147,0.10531289297259583,1200,0.6500000000000001
0.0,0.07636583613129885,0.07162669786099407,1200,0.6500000000000001
0.0,0.09339776802062573,0.08252804022702762,1200,0.6500000000000001
0.0,0.15622256883064045,0.1468685477774938,1200,0.6500000000000001
0.0,0.13122815449540295,0.12472587315167007,1200,0.6500000000000001
0.0,0.13112160195826628,0.08522885694881685,1200,0.6500000000000001
0.0,0.10270220024012239,0.12395782130851073,2400,0.6500000000000001
0.0,0.10240023418246325,0.13066982062108928,2400,0.6500000000000001
0.0,0.15431194001655793,0.1292518239433189,2400,0.6500000000000001
0.0,0.1376276348756157,0.09791284439436791,2400,0.6500000000000001
0.0,0.1340008000459603,0.13877005663657505,2400,0.6500000000000001
0.0,0.15564475746318066,0.1534096832363291,2400,0.6500000000000001
0.0,0.19433871480202636,0.22718084938553892,2400,0.6500000000000001
0.0,0.1683281695447516,0.1440513766341366,2400,0.6500000000000001
0.0,0.15020086935660298,0.18219406694197607,2400,0.6500000000000001
0.0,0.14777563138950617,0.11563851100862134,2400,0.6500000000000001
0.0,0.06046613687243429,0.04769828862626065,600,0.7000000000000002
0.0,0.03687176320756004,0.010616236786165464,600,0.7000000000000002
0.0,0.043309087491299254,0.006292505906831094,600,0.7000000000000002
0.0,0.01540949676460976,0.02954711063619591,600,0.7000000000000002
0.0,0.022766585314096612,0.011472461099753794,600,0.7000000000000002
0.0,0.06132960822054309,0.05849506013572834,600,0.7000000000000002
0.0,0.06544544826132374,0.04949773380397522,600,0.7000000000000002
0.0,0.02292431558616607,0.0015351857373058714,600,0.7000000000000002
0.0,0.0923050671631243,0.047386843163313125,600,0.7000000000000002
0.0,0.06642504044952614,0.052680071345172726,600,0.7000000000000002
0.0,0.042116213077542076,0.04424588907058361,1200,0.7000000000000002
0.0,0.027736398712798194,0.03905477788647138,1200,0.7000000000000002
0.0,0.02908622677949132,0.04056856384261957,1200,0.7000000000000002
0.0,0.06751875693064655,0.08849737531231637,1200,0.7000000000000002
0.0,0.034363165841256864,0.0552844191563158,1200,0.7000000000000002
0.0,0.047521643609021814,0.06967806258485591,1200,0.7000000000000002
0.0,0.017842239111240114,0.03197777349876158,1200,0.7000000000000002
0.0,0.023951742597965252,0.05220287025966853,1200,0.7000000000000002
0.0,0.038345350932990005,0.05725570776303053,1200,0.7000000000000002
0.0,0.03889603785950547,0.03872421251729915,1200,0.7000000000000002
0.0,0.08298635474657266,0.06562134744810376,2400,0.7000000000000002
0.0,0.0697206380366165,0.08718552941886126,2400,0.7000000000000002
0.0,0.06468447013625632,0.0942368386423504,2400,0.7000000000000002
0.0,0.07750218729838942,0.05028833703750116,2400,0.7000000000000002
0.0,0.07471296101221771,0.08063473623923804,2400,0.7000000000000002
0.0,0.05642685552304034,0.06815100689062493,2400,0.7000000000000002
0.0,0.06192570124566735,0.0742931510894316,2400,0.7000000000000002
0.0,0.09247403188253636,0.11746970495959777,2400,0.7000000000000002
0.0,0.08432240354754157,0.08109412690740725,2400,0.7000000000000002
0.0,0.05572665083308192,0.05237297018183451,2400,0.7000000000000002
0.0,-0.015019375953956218,-0.02463774210430193,600,0.7500000000000002
0.0,0.02811572871052619,-0.009550748207793674,600,0.7500000000000002
0.0,0.01738357312796532,-0.011084037214186632,600,0.7500000000000002
0.0,0.00599916652763505,-0.011553895234057508,600,0.7500000000000002
0.0,0.006180996454018962,-0.007595648050006095,600,0.7500000000000002
0.0,0.0007474973096821441,-0.005070013195616457,600,0.7500000000000002
0.0,0.012212042079360663,0.004511406601672454,600,0.7500000000000002
0.0,0.004331722953217155,-0.004945167838728924,600,0.7500000000000002
0.0,0.02803379706520458,0.009776225373748521,600,0.7500000000000002
0.0,0.00017189770134338946,-0.0008930834219960577,600,0.7500000000000002
0.0,0.01677569464624775,0.019672322964921815,1200,0.7500000000000002
0.0,0.011866785641129694,0.009702326120695022,1200,0.7500000000000002
0.0,0.010297591124688773,0.025217803427305157,1200,0.7500000000000002
0.0,0.010986910631871068,0.005140924258985699,1200,0.7500000000000002
0.0,0.005253950852202077,0.016402200917796476,1200,0.7500000000000002
0.0,0.01668865142076787,0.015844122439522528,1200,0.7500000000000002
0.0,0.009496059753455422,0.00288543241513652,1200,0.7500000000000002
0.0,0.0011582329916744777,0.01497739937620672,1200,0.7500000000000002
0.0,0.0009630743480956495,0.01705715779796872,1200,0.7500000000000002
0.0,-0.001407126278605739,0.005927530008748492,1200,0.7500000000000002
0.0,0.0178155984564159,0.03129276276465489,2400,0.7500000000000002
0.0,0.03678248858125241,0.03350612198069408,2400,0.7500000000000002
0.0,0.012953543020589204,0.01438028035396232,2400,0.7500000000000002
0.0,0.025951787207723075,0.021403963104376242,2400,0.7500000000000002
0.0,0.00648500702173977,0.009982850055011351,2400,0.7500000000000002
0.0,0.005794721703664239,0.019826753618194127,2400,0.7500000000000002
0.0,0.00572116697994052,0.018945996125941666,2400,0.7500000000000002
0.0,0.015604665447188467,0.01127375227029563,2400,0.7500000000000002
0.0,0.01862781289702887,0.016843197884521578,2400,0.7500000000000002
0.0,0.013881175750305147,0.03721177536157487,2400,0.7500000000000002
0.0,-0.009446280533386257,-0.016333603714786017,600,0.8
0.0,0.002176548685978246,-0.013000246121073407,600,0.8
0.0,0.0025339812973495302,-0.020223384104089595,600,0.8
0.0,-0.0029674593160414816,-0.02375374808913838,600,0.8
0.0,0.0034252312359525534,-0.011051300929462741,600,0.8
0.0,-0.0037164805858249795,-0.014361430504266975,600,0.8
0.0,-0.0040082960738459725,-0.020997105299547514,600,0.8
0.0,0.011574947757694522,-0.0009446644668184022,600,0.8
0.0,-0.0020292285798991796,-0.00824606041743274,600,0.8
0.0,-0.005639020692603161,-0.028379120946467138,600,0.8
0.0,-0.0038022659933635464,-0.005546503556440987,1200,0.8
0.0,0.004078534229710864,0.0015544643641144755,1200,0.8
0.0,-0.006536347021135287,0.002207764948606439,1200,0.8
0.0,-0.006813599700683388,-0.00610565093508203,1200,0.8
0.0,0.0056700941780154866,0.006107736629139037,1200,0.8
0.0,0.013353173353851222,0.012553945961441378,1200,0.8
0.0,-0.0007188289114062248,0.006239305902626418,1200,0.8
0.0,-0.006773438123262576,-0.006775286520048717,1200,0.8
0.0,0.006016421324426849,-0.003019371620720264,1200,0.8
0.0,-0.00911282256910618,-0.00233975090538394,1200,0.8
0.0,0.0005528924383089527,0.003791446848737437,2400,0.8
0.0,-0.009090324259239927,0.0035445142962552472,2400,0.8
0.0,-0.004532805168252041,-0.0005825827033352081,2400,0.8
0.0,-0.00809487984407531,0.002053103871475044,2400,0.8
0.0,-0.00016809635300756102,0.003612081270440996,2400,0.8
0.0,-0.005500808832392766,0.004642016473715921,2400,0.8
0.0,0.005083218915768033,0.006172686612909204,2400,0.8
0.0,0.004908980600122919,0.0003954133063570234,2400,0.8
0.0,0.0004378541161747334,0.002959626376944916,2400,0.8
0.0,0.003684453908079172,0.008798097698164252,2400,0.8
0.9648860103668586,0.9236399304524292,0.9782043016863889,600,0.4
0.0,0.9130910796170543,0.9639702643834203,600,0.4
0.9615121813163141,0.924738209306314,0.981447790915895,600,0.4
0.0,0.8597867322132441,0.9430941277642707,600,0.4
0.0,0.8271782552848451,0.9225771216911655,600,0.4
0.0,0.9036978128625286,0.9608956567203207,600,0.4
0.0,0.9463793197814521,0.9525036665645967,600,0.4
0.9449354587273088,0.9210614068741553,0.9672607494991114,600,0.4
0.0,0.9042526428269568,0.9279256497577927,600,0.4
0.0,0.9301102024328373,0.9595720043570686,600,0.4
0.9424853541024903,0.8660077223406775,0.9251123236835793,1200,0.4
0.9280862698895753,0.8427883057002227,0.8856546827916375,1200,0.4
0.9513052598604397,0.9068284519004333,0.9081471793249423,1200,0.4
0.9477956164044594,0.9092975494702297,0.9499082486656056,1200,0.4
0.9532478887961321,0.8981259687279531,0.9419751396646147,1200,0.4
0.9504498309168321,0.8772591168005258,0.9354419689491739,1200,0.4
0.9589626584046507,0.9056035866929155,0.9324035134326846,1200,0.4
0.9822898297951381,0.9013442680199963,0.9631042715802405,1200,0.4
0.9512660672175952,0.8600892849972949,0.931708711022231,1200,0.4
0.9531151809293572,0.8466496995198302,0.9277150354213967,1200,0.4
0.9818514669472728,0.9420196168937441,0.9642290463525343,2400,0.4
0.9916314522964303,0.9746690404042182,0.9873813242660734,2400,0.4
0.9745378478109022,0.9098137442795171,0.9582022609844368,2400,0.4
0.9585476386915314,0.9011914257119436,0.935428029790114,2400,0.4
0.9757909033842013,0.8934085423972016,0.8842486647330784,2400,0.4
0.9665409972449982,0.9258412563240513,0.957982456593652,2400,0.4
0.9842414145154896,0.9602436611835596,0.9814435826783066,2400,0.4
0.9606400185895828,0.8667609045096011,0.9405694475545169,2400,0.4
0.9637433421757814,0.9021473861140435,0.9494209126710774,2400,0.4
0.9694769155351194,0.908588115595636,0.9623521379862151,2400,0.4
0.8770300518089112,0.8470662810430646,0.9071364396269468,600,0.42000000000000004
0.0,0.8222839323527684,0.8849637705287261,600,0.42000000000000004
0.0,0.8661264939224588,0.9264117193885752,600,0.42000000000000004
0.0,0.9089154262010894,0.9282883716992776,600,0.42000000000000004
0.0,0.9135151157710413,0.9398075641681451,600,0.42000000000000004
0.0,0.828076783850413,0.9383162491935362,600,0.42000000000000004
0.0,0.8555884389113222,0.9189419033300761,600,0.42000000000000004
0.0,0.8909799446653137,0.9219669968990463,600,0.42000000000000004
0.0,0.8558689212582765,0.934391807787543,600,0.42000000000000004
0.0,0.8298972332266804,0.9315606580645943,600,0.42000000000000004
0.9502647650358282,0.8985151319430894,0.893684467345402,1200,0.42000000000000004
0.9252297521299473,0.8581116550122302,0.8987507704116902,1200,0.42000000000000004
0.9472862768848124,0.8397670891857937,0.8732792240054528,1200,0.42000000000000004
0.9188481937212835,0.8609225728714411,0.8809609469770743,1200,0.42000000000000004
0.9426758159769699,0.864509912725531,0.9341651838293189,1200,0.42000000000000004
0.9785611528557159,0.890775297092418,0.9639239101750476,1200,0.42000000000000004
0.9487949033377728,0.891231114747176,0.9064169107832388,1200,0.42000000000000004
0.9664169979368337,0.89531461054916,0.8780418367963304,1200,0.42000000000000004
0.936547117474264,0.7887582609855925,0.8168452358878237,1200,0.42000000000000004
0.9504541553244468,0.8819879699026096,0.8900212387212347,1200,0.42000000000000004
0.9559548240682652,0.8693971853475335,0.9319527834742186,2400,0.42000000000000004
0.910151088953934,0.8136682457882763,0.8869748955081275,2400,0.42000000000000004
0.9570194184511003,0.9077925752535936,0.9224972482506523,2400,0.42000000000000004
0.9575034645053059,0.8991529231310064,0.9433048353812982,2400,0.42000000000000004
0.9692179968950393,0.9136660193244434,0.9216406539781455,2400,0.42000000000000004
0.9704826180846329,0.9032183665539106,0.9111543503810849,2400,0.42000000000000004
0.9682919234534727,0.895471748200793,0.9259556873962352,2400,0.42000000000000004
0.9617116391094787,0.8575727863845434,0.9054143869691517,2400,0.42000000000000004
0.9572587525444042,0.891374420684409,0.9040847436793806,2400,0.42000000000000004
0.9499104126347807,0.8829159612108601,0.904648250606118,2400,0.42000000000000004
0.0,0.8474700231025958,0.9233511873266012,600,0.44
0.0,0.8864298881482517,0.9149528296274742,600,0.44
0.0,0.8777109249646388,0.9224230712295513,600,0.44
0.0,0.7968017173239095,0.8802014306322535,600,0.44
0.0,0.916608222355924,0.9329028196375495,600,0.44
0.0,0.8204009966375653,0.8737994155780846,600,0.44
0.0,0.790318150148566,0.7691036922517374,600,0.44
0.0,0.8572664736161599,0.8802546770079321,600,0.44
0.0,0.7968389625012798,0.8289176851113931,600,0.44
0.0,0.7760823535177371,0.8580468478968672,600,0.44
0.9012580521650364,0.7941845005043104,0.8408931602953075,1200,0.44
0.9094858961273576,0.8396770879745487,0.8645600316500199,1200,0.44
0.9391958841910097,0.806854652403454,0.9009147863731705,1200,0.44
0.9208335838431402,0.7946068248309889,0.7785401869969221,1200,0.44
0.9269339659400438,0.8161613877368701,0.8518257490336731,1200,0.44
0.9352025361551998,0.8427821714670349,0.8814652781833181,1200,0.44
0.9072678175590084,0.7984692971994306,0.8578238496221327,1200,0.44
0.9192324519625682,0.8214164295615399,0.8828169944015402,1200,0.44
0.9206342527040369,0.7922731371592985,0.8398755757471332,1200,0.44
0.911128741805155,0.7951591202154272,0.8334933178300376,1200,0.44
0.9565021372688962,0.8321721180063849,0.9291594924084692,2400,0.44
0.9451504789954669,0.8441241175294015,0.8957454178326277,2400,0.44
0.9305377958968418,0.8166777716931558,0.8602704649582648,2400,0.44
0.9491016187013073,0.8631337882433268,0.8654392973949452,2400,0.44
0.9374736754122329,0.8838890135436117,0.926570550145395,2400,0.44
0.9541570293598538,0.8894190097152321,0.943686656490698,2400,0.44
0.9377374612023288,0.8139677978658528,0.8743682699639914,2400,0.44
0.9501351837889213,0.8683682224023707,0.9032460163454881,2400,0.44
0.9287927524124127,0.8311765594080286,0.8729561585165381,2400,0.44
0.9150965679519374,0.8215941253101955,0.8528956036338508,2400,0.44
0.0,0.783281005932648,0.8035006172718794,600,0.46
0.0,0.787720216581576,0.806998636488275,600,0.46
0.0,0.7581569192058669,0.7142615637316726,600,0.46
0.0,0.7544641068503402,0.8645379256203096,600,0.46
0.0,0.7634930147821607,0.7144411951055971,600,0.46
0.0,0.8160663940979548,0.8909582987773256,600,0.46
0.0,0.7292951590678909,0.7609343921992628,600,0.46
0.0,0.7329426127797745,0.7966720665205906,600,0.46
0.0,0.7840774205052211,0.7570174542556432,600,0.46
0.0,0.7305265683075736,0.8389926083291802,600,0.46
0.9077273256156386,0.7725287248412052,0.7783053562843296,1200,0.46
0.8876311271753845,0.7241241966774006,0.7140046674849445,1200,0.46
0.8662157382271912,0.7674625097987225,0.8105451596497089,1200,0.46
0.9086604470065859,0.7485923238050437,0.7841652145340242,1200,0.46
0.8783794659872778,0.7358809376462755,0.8418638111776595,1200,0.46
0.0,0.7469703034175583,0.7001100127489059,1200,0.46
0.9216428451836969,0.7489875899132181,0.8113491143556647,1200,0.46
0.8662732109784258,0.7483719857468011,0.7272887853645118,1200,0.46
0.9070284522472871,0.787453860795114,0.8351292869909966,1200,0.46
0.873433008089999,0.7389249305344884,0.7444012726154355,1200,0.46
0.8994835645920456,0.7404486915297941,0.7569191559994776,2400,0.46
0.9276993622452933,0.7846824941702784,0.814325701266009,2400,0.46
0.8992594920054702,0.7344359884895818,0.8578414259335998,2400,0.46
0.9297753684617546,0.8148049041588452,0.812951602060481,2400,0.46
0.9343134992586393,0.8156770478306661,0.8733988742049079,2400,0.46
0.9346971542238938,0.814680552788531,0.8524381099819391,2400,0.46
0.9293855915055568,0.7977687973495691,0.8588309768478536,2400,0.46
0.8999420999307397,0.7796164048273966,0.8342133829232393,2400,0.46
0.9346595178285392,0.8342132833720255,0.8667901259960733,2400,0.46
0.9339761441836623,0.8046214812295571,0.8551991297184789,2400,0.46
0.0,0.6376136775285908,0.5829065406218986,600,0.48
0.0,0.6810220425346695,0.6039473087395248,600,0.48
0.0,0.6735158638911836,0.7351410838147727,600,0.48
0.0,0.7189454737922982,0.6635659806219887,600,0.48
0.0,0.7353898847731162,0.7583990293480588,600,0.48
0.0,0.7216030267711615,0.7269515258528471,600,0.48
0.0,0.68167167804203,0.717815767759752,600,0.48
0.0,0.7153124323900768,0.7695318534061564,600,0.48
0.0,0.6615187758203896,0.7129340125151574,600,0.48
0.0,0.6836583319302606,0.7180904185198422,600,0.48
0.8836072715739393,0.7497599936148288,0.8025924666034606,1200,0.48
0.0,0.692674859517323,0.7814186214331259,1200,0.48
0.0,0.7064049516917008,0.7624518604778157,1200,0.48
0.8699491798367,0.7250272152218926,0.7539992054149017,1200,0.48
0.8593245543263237,0.6706239077940471,0.6282568078412716,1200,0.48
0.0,0.6985260834558606,0.7089849915765719,1200,0.48
0.896602925695711,0.7411720871795496,0.7917846068545678,1200,0.48
0.8260136226691368,0.719602482123339,0.7794300359813293,1200,0.48
0.8566058358660907,0.647634355903323,0.6842183258612411,1200,0.48
0.0,0.759437765267673,0.8101007409754378,1200,0.48
0.8416594997759285,0.6548084108206991,0.6946792946150212,2400,0.48
0.9066993033084547,0.7238831425284572,0.8501966270964977,2400,0.48
0.9159671876748956,0.7655038758801167,0.7606573579787393,2400,0.48
0.9165570360650572,0.7524558182123403,0.7849247747777938,2400,0.48
0.8922856357796733,0.7339447057616448,0.8250142130345017,2400,0.48
0.93936626694898,0.8255962842353697,0.9024509412372516,2400,0.48
0.9274482389279088,0.7702912283474675,0.799560087840228,2400,0.48
0.9014830597286777,0.7572290565460735,0.7706613234480693,2400,0.48
0.892691760988089,0.7209225966184863,0.6878386780095204,2400,0.48
0.8979836407688475,0.7226059854917204,0.7994316713538968,2400,0.48
0.0,0.6421545238418348,0.6487783325343127,600,0.5
0.0,0.6274170491603069,0.6709385044656243,600,0.5
0.0,0.6264809438085357,0.6288053863686204,600,0.5
0.0,0.6242488205947064,0.5351980294273739,600,0.5
0.0,0.6227848513050922,0.7607173779678988,600,0.5
0.0,0.6517351427940983,0.6710697205279337,600,0.5
0.0,0.6085943441103622,0.6189436702664536,600,0.5
0.0,0.566131670189752,0.5694845523305044,600,0.5
0.0,0.5451251278179525,0.5113883154984044,600,0.5
0.0,0.6118018666824196,0.6247056985174375,600,0.5
0.0,0.5772986579598066,0.5333669150847116,1200,0.5
0.0,0.5783618000434388,0.6393818232731142,1200,0.5
0.0,0.5992256822022027,0.7028585321735614,1200,0.5
0.0,0.6365791001526349,0.673700140080832,1200,0.5
0.0,0.6043314650272626,0.6283753147479362,1200,0.5
0.834508295181195,0.6910781171334267,0.7638085351821692,1200,0.5
0.8172573989961818,0.6290732637580457,0.730109941145742,1200,0.5
0.0,0.6098260466778794,0.6438920237666229,1200,0.5
0.0,0.6547984479574306,0.7151782126648263,1200,0.5
0.0,0.6577746719410367,0.7556723611990493,1200,0.5
0.86925570389982,0.6914170488575977,0.7020325602236015,2400,0.5
0.8846409879361878,0.6902989264306231,0.7696670000713944,2400,0.5
0.8872405154483567,0.6949392677019874,0.7819739116844039,2400,0.5
0.0,0.6634174510515605,0.7673533262581341,2400,0.5
0.86573172387652,0.6799428598618773,0.6889505647255941,2400,0.5
0.0,0.6778313350559019,0.7251085454565914,2400,0.5
0.9119042522631642,0.7227053762931882,0.8218798747866888,2400,0.5
0.0,0.6239968826136323,0.588412504762259,2400,0.5
0.8527089376498751,0.6298958321078812,0.6409135503639478,2400,0.5
0.8547055504568601,0.6548362469201761,0.6280580829335074,2400,0.5
0.0,0.5167358812677609,0.5284677807786787,600,0.52
0.0,0.5790219288198917,0.5341567315405588,600,0.52
0.0,0.5193647356477823,0.4569878268729452,600,0.52
0.0,0.5954817927148197,0.5296623645274916,600,0.52
0.0,0.5478903636628918,0.4312013019844051,600,0.52
0.0,0.47105281539812704,0.33442037031519467,600,0.52
0.0,0.516059284194131,0.4424053377806768,600,0.52
0.0,0.5103034704515701,0.44651762987784377,600,0.52
0.0,0.5488719225352302,0.5038726730577122,600,0.52
0.0,0.5582451397419431,0.5833671999665927,600,0.52
0.0,0.5252913647977003,0.43487829803799666,1200,0.52
0.0,0.6231127036084636,0.6700383274604913,1200,0.52
0.0,0.5728286617569667,0.5384730462471204,1200,0.52
0.0,0.5088991320140569,0.5333546246556835,1200,0.52
0.0,0.594255133577375,0.7083697043288009,1200,0.52
0.0,0.5498351807631976,0.6402162512533209,1200,0.52
0.0,0.5261756991421013,0.5592354690751705,1200,0.52
0.0,0.6033719982518556,0.6765006937520959,1200,0.52
0.0,0.5053287614226484,0.5193583641397955,1200,0.52
0.0,0.45387757803899703,0.3375089439750917,1200,0.52
0.8353001995381799,0.6553809359803415,0.7192306723420462,2400,0.52
0.0,0.5804168589253527,0.6413208344623621,2400,0.52
0.0,0.5464833483300772,0.5251834171518124,2400,0.52
0.0,0.6265301418597018,0.6089922134904935,2400,0.52
0.0,0.6350996929169147,0.6994769344827811,2400,0.52
0.0,0.6288643594583911,0.6066993506149718,2400,0.52
0.0,0.5858049495737818,0.6395834452925194,2400,0.52
0.0,0.6159536336052747,0.6921923110451199,2400,0.52
0.0,0.5587601319099226,0.5946841208573005,2400,0.52
0.0,0.613951400046315,0.5849747863528515,2400,0.52
0.0,0.4066408266162226,0.37168123534917696,600,0.54
0.0,0.43655965074892206,0.4547728444012723,600,0.54
0.0,0.42275443379106814,0.3183780274055762,600,0.54
0.0,0.4594855124516,0.40964697941770173,600,0.54
0.0,0.47404592458202466,0.4484145209656411,600,0.54
0.0,0.4056186273268887,0.4116928202498691,600,0.54
0.0,0.44260654362522567,0.3278589409286045,600,0.54
0.0,0.4278590321131167,0.32411044040154074,600,0.54
0.0,0.41192406127420755,0.38488511635671774,600,0.54
0.0,0.4607769562394111,0.39722410455653645,600,0.54
0.0,0.46747958342090595,0.4373728913026836,1200,0.54
0.0,0.5136211559581796,0.5435783509852632,1200,0.54
0.0,0.5284521963445109,0.5687873034493018,1200,0.54
0.0,0.5326203872342934,0.6097636917447824,1200,0.54
0.0,0.5371485727873828,0.5661833257958032,1200,0.54
0.0,0.43835062323316853,0.4097306137847602,1200,0.54
0.0,0.5177481080628841,0.6086604522618593,1200,0.54
0.0,0.4816214775861597,0.4681520020535917,1200,0.54
0.0,0.4289666442494093,0.36481742455191335,1200,0.54
0.0,0.45111180416090624,0.45063575662125566,1200,0.54
0.0,0.4712821414661343,0.5028324664779582,2400,0.54
0.0,0.5178528487083607,0.5046704502954746,2400,0.54
0.0,0.46841535200992046,0.41224598993448747,2400,0.54
0.0,0.5422246502709825,0.569694803248396,2400,0.54
0.0,0.42126235207578727,0.2823165187175666,2400,0.54
0.0,0.5457323394807253,0.4936487716073807,2400,0.54
0.0,0.5266549138633515,0.5779803864755969,2400,0.54
0.0,0.5197124699512301,0.5623109142796013,2400,0.54
0.0,0.5000247029045681,0.5723540754572691,2400,0.54
0.0,0.43636619407082583,0.35297504077141223,2400,0.54
0.0,0.31778702854701885,0.2262937202308103,600,0.56
0.0,0.4271910434773462,0.3228851855555135,600,0.56
0.0,0.42731671952969663,0.3116315565984367,600,0.56
0.0,0.3278773210473519,0.30856935298822175,600,0.56
0.0,0.41018338229362306,0.402081258248298,600,0.56
0.0,0.43938238153953857,0.3346058994173222,600,0.56
0.0,0.33289016690756523,0.20847183657433271,600,0.56
0.0,0.3871349870341333,0.3649538147412906,600,0.56
0.0,0.31466348307215575,0.2792333924224037,600,0.56
0.0,0.47242895115526745,0.38998293396460765,600,0.56
0.0,0.370706019122916,0.30325683252698254,1200,0.56
0.0,0.3716523157706368,0.30505801478296235,1200,0.56
0.0,0.3923907599505904,0.3777728673395647,1200,0.56
0.0,0.3523832285998148,0.3053092654983242,1200,0.56
0.0,0.4406403366870092,0.546700640263161,1200,0.56
0.0,0.4143507904368844,0.4349017935435463,1200,0.56
0.0,0.4146124817321786,0.38250301848690627,1200,0.56
0.0,0.35629802504180436,0.394436320963818,1200,0.56
0.0,0.4253952481585268,0.4369114547120436,1200,0.56
0.0,0.4151972659436886,0.4412474366578212,1200,0.56
0.0,0.3586586517880962,0.3538318776565442,2400,0.56
0.0,0.47666094024641653,0.4461783916161556,2400,0.56
0.0,0.37818540064560596,0.2949784500747836,2400,0.56
0.0,0.45648610660488376,0.46742085265823324,2400,0.56
0.0,0.4449845313958068,0.5271589877144494,2400,0.56
0.0,0.47105136073884346,0.5220480382036803,2400,0.56
0.0,0.42434115691325164,0.45687488186436853,2400,0.56
0.0,0.40961792938867203,0.36273702229890775,2400,0.56
0.0,0.372417900615803,0.320476172920575,2400,0.56
0.0,0.4381699655442411,0.4139619530398395,2400,0.56
0.0,0.24651187300607547,0.2449417655772514,600,0.58
0.0,0.31296226279195793,0.2919457941562032,600,0.58
0.0,0.315594963027894,0.22803722307473667,600,0.58
0.0,0.36297157661114826,0.32428591336635876,600,0.58
0.0,0.31920100518908584,0.2664068361050597,600,0.58
0.0,0.2757631924766367,0.23452880570106124,600,0.58
0.0,0.33218940504787225,0.27711168139240305,600,0.58
0.0,0.3008685227396152,0.27953786003610964,600,0.58
0.0,0.3088380911563313,0.23995156746548957,600,0.58
0.0,0.39545756101638513,0.36609795912444976,600,0.58
0.0,0.3271199943006761,0.3425701164187698,1200,0.58
0.0,0.3495441300770834,0.4461325240930761,1200,0.58
0.0,0.3360376789938116,0.31956091015803123,1200,0.58
0.0,0.30697774029889957,0.274738051316314,1200,0.58
0.0,0.303354124932701,0.25628763752052736,1200,0.58
0.0,0.29141102647435413,0.2561639849134619,1200,0.58
0.0,0.2972093333474356,0.2612281724407427,1200,0.58
0.0,0.3384449386434494,0.26737505783334653,1200,0.58
0.0,0.34029415533546264,0.31887320431259436,1200,0.58
0.0,0.26486365810079376,0.2169553743542435,1200,0.58
0.0,0.32635091163276186,0.21817475648146645,2400,0.58
0.0,0.4297232069837306,0.5210933893967205,2400,0.58
0.0,0.4137849316159059,0.421348071180028,2400,0.58
0.0,0.3820449492560862,0.3980274316646853,2400,0.58
0.0,0.30620165291385276,0.3034399425479061,2400,0.58
0.0,0.349015227850694,0.30179344516271445,2400,0.58
0.0,0.3072060273278473,0.27154761794759436,2400,0.58
0.0,0.35747078441424307,0.3979011354864448,2400,0.58
0.0,0.43668811631337967,0.4622403811563145,2400,0.58
0.0,0.31677882416260733,0.3318926725751561,2400,0.58
0.0,0.26154994154165984,0.2286517485399188,600,0.6
0.0,0.1959542270943254,0.2024702294757469,600,0.6
0.0,0.22712323320745237,0.15693813697485465,600,0.6
0.0,0.24237118734699228,0.15150688996075856,600,0.6
0.0,0.27933062785536816,0.27834023151501824,600,0.6
0.0,0.23723567537571716,0.17397618973947568,600,0.6
0.0,0.18073624281804754,0.12551006426107453,600,0.6
0.0,0.2641669700324984,0.29488127176559,600,0.6
0.0,0.25560954331596186,0.16746910739696463,600,0.6
0.0,0.17383526107357333,0.1087586056300156,600,0.6
0.0,0.24888309846525147,0.22700111467645,1200,0.6
0.0,0.11874731481082096,0.127185745010283,1200,0.6
0.0,0.1877209862388846,0.13844466974478317,1200,0.6
0.0,0.214043369993714,0.18440802417971108,1200,0.6
0.0,0.2160139264977162,0.15763665161120413,1200,0.6
0.0,0.2431537323146576,0.2271817253994828,1200,0.6
0.0,0.3128609828236272,0.28371542462652244,1200,0.6
0.0,0.30352872046799806,0.29524427417184834,1200,0.6
0.0,0.31342475624216304,0.2557673568373295,1200,0.6
0.0,0.29494688144160275,0.25701706112945777,1200,0.6
0.0,0.3055181410634931,0.28690602849847424,2400,0.6
0.0,0.285798151589851,0.2529360505718555,2400,0.6
0.0,0.24196155197412417,0.22835611696270924,2400,0.6
0.0,0.2532495197775583,0.24390387662049157,2400,0.6
0.0,0.32441983829114246,0.3725752079948779,2400,0.6
0.0,0.1903956663420198,0.14615602931798313,2400,0.6
0.0,0.36076909507766675,0.38496150134906526,2400,0.6
0.0,0.33100315083700393,0.3456173974585141,2400,0.6
0.0,0.3184514545488789,0.3186574582901372,2400,0.6
0.0,0.3509869301886339,0.46565683761792986,2400,0.6
0.0,0.9300050078966906,0.944832139444509,600,0.4
0.9919599893936494,0.9598873486993494,0.9873394846366231,600,0.4
0.9784506047602084,0.9122540136921307,0.9497928315419388,600,0.4
0.9702630231568016,0.8871271522980696,0.9694205077714252,600,0.4
0.9429698326063614,0.9313622632291887,0.9610091893120165,600,0.4
0.0,0.8880602172363945,0.9622337984896538,600,0.4
0.0,0.9060343588366399,0.9589785387429101,600,0.4
0.9831223448443982,0.950230939037513,0.9807172870022687,600,0.4
0.0,0.9045616702972539,0.9649847577646345,600,0.4
0.0,0.8972992818077447,0.9284974506739778,600,0.4
0.9675325755002517,0.91414690706787,0.9327113470184708,1200,0.4
0.9804729815544093,0.9334358260245239,0.9667116617939762,1200,0.4
0.9492971116439515,0.9034169616859795,0.9362365053908723,1200,0.4
0.9753945952081089,0.9100932491176003,0.9567647223180582,1200,0.4
0.9712119486571188,0.9369990515626567,0.971591263822111,1200,0.4
0.9569050766579288,0.8838937179010464,0.9427140958403384,1200,0.4
0.9633568470551849,0.8909028405839432,0.9229603165113336,1200,0.4
0.9479286920346672,0.8811293197379407,0.9126633394681162,1200,0.4
0.9625610229385876,0.9032151705523246,0.9529090734451178,1200,0.4
0.9584672020639656,0.8814412124920818,0.9363467615795859,1200,0.4
0.972019732160978,0.9227634770604926,0.9569713610221487,2400,0.4
0.9601378302445137,0.8925040576080222,0.9179872083924142,2400,0.4
0.9582107120193991,0.9240873718405455,0.9617082193754146,2400,0.4
0.9798596453244705,0.9421444160043567,0.9683861411104281,2400,0.4
0.9453900309179043,0.8732628021386841,0.9278367327293294,2400,0.4
0.9652099082001061,0.8973058568556768,0.9377189283406402,2400,0.4
0.977010493380027,0.9224726378934339,0.9645777925737854,2400,0.4
0.9455925847129067,0.89494141376962,0.9228270172317035,2400,0.4
0.963699285202886,0.9261876836788101,0.9285674885071274,2400,0.4
0.9635909155047656,0.8974446968448349,0.948748437777119,2400,0.4
0.0,0.8823031496613305,0.9366808882948015,600,0.42000000000000004
0.0,0.8425513697782765,0.8890416447894388,600,0.42000000000000004
0.0,0.8800127118689711,0.9244247322180783,600,0.42000000000000004
0.0,0.8418439168849553,0.9174784103395197,600,0.42000000000000004
0.0,0.8424692072323378,0.8827827411491616,600,0.42000000000000004
0.0,0.7877064370058484,0.8644597993583409,600,0.42000000000000004
0.0,0.8301308724205432,0.9099381902269998,600,0.42000000000000004
0.0,0.8867035065472193,0.9242328584268834,600,0.42000000000000004
0.0,0.9090346133008017,0.9382601431510162,600,0.42000000000000004
0.0,0.8938876362319983,0.9271392547058933,600,0.42000000000000004
0.9469324057350951,0.8917888412361132,0.9182223547365612,1200,0.42000000000000004
0.9240827268000114,0.7802450896321454,0.7946541986207206,1200,0.42000000000000004
0.9392800957565154,0.8312985944546468,0.9065708022299177,1200,0.42000000000000004
0.9283868213246267,0.8776462438467193,0.9050047685407918,1200,0.42000000000000004
0.9139927235756176,0.8481796666812463,0.9037607398878257,1200,0.42000000000000004
0.9678651482033793,0.8868100284087093,0.9417817178848991,1200,0.42000000000000004
0.9296182541966818,0.8639168532433188,0.8527564740404053,1200,0.42000000000000004
0.9404741511828689,0.8856923771008879,0.9148630173758716,1200,0.42000000000000004
0.9583608988405963,0.8899716496965673,0.8918632741282545,1200,0.42000000000000004
0.9236010492136837,0.8506922153864926,0.8929775523781518,1200,0.42000000000000004
0.9658507951693523,0.8891134138409554,0.9130445681720302,2400,0.42000000000000004
0.9690293299846667,0.9001875257306253,0.9387650432985282,2400,0.42000000000000004
0.9707452317252834,0.9140621180853489,0.9276634054190885,2400,0.42000000000000004
0.9591413060201163,0.8905854231948312,0.9474453073461703,2400,0.42000000000000004
0.9545285921512389,0.8973887873648981,0.9311857350169155,2400,0.42000000000000004
0.9786210193117916,0.89259318324685,0.9141956061431089,2400,0.42000000000000004
0.9539364555447593,0.8915487574823547,0.9285646708561063,2400,0.42000000000000004
0.9663002698348584,0.9037325104142415,0.9165497523071457,2400,0.42000000000000004
0.9458378705593274,0.868518194540465,0.9169651507044098,2400,0.42000000000000004
0.9446327462566653,0.8629792731534358,0.9090231022854359,2400,0.42000000000000004
0.0,0.823766339103818,0.8804417096162692,600,0.44
0.0,0.7245542131117702,0.8512004649676904,600,0.44
0.0,0.8350755094496988,0.8820185628322526,600,0.44
0.0,0.8368646645656492,0.8729825899489769,600,0.44
0.0,0.843651663032644,0.9111771466632512,600,0.44
0.0,0.8382498760982745,0.8713398619840417,600,0.44
0.0,0.7963947425830465,0.8434388618090269,600,0.44
0.0,0.8645904972610226,0.9320970873688617,600,0.44
0.0,0.8126093380253329,0.7820733975153696,600,0.44
0.0,0.7452234195511955,0.7524720640615378,600,0.44
0.9334629564859609,0.8467958826566375,0.9108397377996167,1200,0.44
0.9289705490057448,0.8082775333263186,0.8867111319549209,1200,0.44
0.9166832376420504,0.8217713798369877,0.856927551621831,1200,0.44
0.9495032606482661,0.8724083447555006,0.9193667393231808,1200,0.44
0.9245012452242469,0.8189213568174458,0.8863960183929235,1200,0.44
0.9040115012302458,0.8284639084494861,0.8955567499839673,1200,0.44
0.9133044451437194,0.7939714497820042,0.7884108764743274,1200,0.44
0.9396817550538562,0.8080721410043591,0.9102397960734823,1200,0.44
0.914837525304991,0.8193735107521556,0.8072404779333892,1200,0.44
0.9147137526481184,0.808996769972462,0.8811646307391937,1200,0.44
0.9447143931309157,0.857886861890595,0.9215395556357397,2400,0.44
0.9458954449365993,0.8307830399242713,0.8057526740763423,2400,0.44
0.9683136811376749,0.8599045212540442,0.8889065972781279,2400,0.44
0.9380585411450834,0.8665017825591873,0.8566695171814382,2400,0.44
0.9560743390315803,0.8116139805522933,0.8781324544469248,2400,0.44
0.9572639200853734,0.8527157045390475,0.8951705610820954,2400,0.44
0.9433003337166753,0.853944466015637,0.8828633300120595,2400,0.44
0.9437884919702155,0.8250719426420648,0.903348660716239,2400,0.44
0.9554416434663997,0.8596172666475378,0.9161059111740244,2400,0.44
0.9308926363230523,0.8299101633611652,0.8978832655682131,2400,0.44
0.0,0.7601441532149104,0.6939445464661488,600,0.46
0.0,0.7616838316476504,0.7271730166579026,600,0.46
0.0,0.8316067697388199,0.8673601931173164,600,0.46
0.0,0.7971739787270069,0.8263689651195775,600,0.46
0.0,0.792445981791969,0.8430663070548982,600,0.46
0.0,0.7187229431934291,0.726337876541208,600,0.46
0.0,0.780201104122712,0.8140662820933398,600,0.46
0.0,0.7947325085536846,0.8091555602535705,600,0.46
0.0,0.7450768288834417,0.7902485807490044,600,0.46
0.0,0.7668214957493239,0.8265503320718568,600,0.46
0.8943059121667902,0.7205858882929722,0.7246785955963322,1200,0.46
0.9047651263944159,0.7752433815808635,0.8102774555686331,1200,0.46
0.8801893886893054,0.7625487390375232,0.8168566867018594,1200,0.46
0.8920419235569473,0.7865977775133701,0.8549959188094441,1200,0.46
0.0,0.7059715537114697,0.6658846446437138,1200,0.46
0.8905139595421903,0.7354410981701868,0.8099132174177021,1200,0.46
0.8966903556445041,0.7408932743582178,0.8152748092323716,1200,0.46
0.8665690423741563,0.7169782033965593,0.8254592308992207,1200,0.46
0.8938183446613185,0.7711931693007569,0.8105302767593392,1200,0.46
0.8850348662151475,0.7642274189098647,0.8099677977566122,1200,0.46
0.9042737308272693,0.7822343887314631,0.8312852318215636,2400,0.46
0.9177309854979583,0.7786603191248382,0.8223814689596791,2400,0.46
0.9603286402979107,0.8371460212225837,0.895876846160189,2400,0.46
0.8896524182920662,0.7390669270683596,0.7708500573441306,2400,0.46
0.9302351685389612,0.8188210199638865,0.8766300042744792,2400,0.46
0.9478959505650993,0.8095959683667072,0.8684687328590526,2400,0.46
0.949148433784244,0.8186728668757949,0.89040565694484,2400,0.46
0.9184932592329562,0.7921086171142012,0.8068780677265773,2400,0.46
0.9405564455021406,0.8093867925329054,0.8530671526391481,2400,0.46
0.9302920453000921,0.7583157070964464,0.858716399414904,2400,0.46
0.0,0.6263822253747819,0.5968928391462225,600,0.48
0.0,0.6739777689805144,0.632107483868215,600,0.48
0.0,0.6397056351901048,0.6327908403928949,600,0.48
0.0,0.683714105788543,0.7419839274411466,600,0.48
0.0,0.6317349545213163,0.6414147079571876,600,0.48
0.0,0.6082796199771674,0.6403939342257791,600,0.48
0.0,0.7516778003661638,0.7976640885486941,600,0.48
0.0,0.7088684003043983,0.7025390797435139,600,0.48
0.0,0.7053984087368107,0.7343929528643346,600,0.48
0.0,0.6585036640685445,0.6554242761112427,600,0.48
0.0,0.6455589452289412,0.6540458495545861,1200,0.48
0.9026197460007543,0.8067285396324745,0.8404891456375211,1200,0.48
0.0,0.7054668458211625,0.6783577639873148,1200,0.48
0.0,0.6258060986600662,0.6584283477654607,1200,0.48
0.0,0.6800698044241031,0.6881317341513016,1200,0.48
0.0,0.6767713165771276,0.6710962743100429,1200,0.48
0.7923426626298756,0.6368854179072454,0.6809078081949239,1200,0.48
0.8665945960453171,0.718966988980297,0.7273235623502047,1200,0.48
0.0,0.6544767766210521,0.656439768302839,1200,0.48
0.0,0.6186630679979165,0.5715802318077162,1200,0.48
0.9073870076208751,0.7133505220222118,0.716658647855739,2400,0.48
0.9270263390817493,0.7562793107020002,0.7727894734876949,2400,0.48
0.9019660765177475,0.7255699740673387,0.80571100589842,2400,0.48
0.9039635482011277,0.7260022646029536,0.7331123820002288,2400,0.48
0.9095306859495708,0.7309309553713143,0.751310889954285,2400,0.48
0.8776166845471055,0.7029584330503803,0.6919956839071245,2400,0.48
0.8852834321081927,0.6792382504481551,0.7446048955982155,2400,0.48
0.887026531295612,0.7587216561890416,0.7994423058623815,2400,0.48
0.8630976557487502,0.6786747042178567,0.5766378827577352,2400,0.48
0.8843050562462027,0.7094142296904842,0.769546448078975,2400,0.48
0.0,0.6575356814362587,0.6282776183821795,600,0.5
0.0,0.6296470387139783,0.6353814008256875,600,0.5
0.0,0.6915703978532406,0.688409718973692,600,0.5
0.0,0.6117505975464772,0.5272241742721469,600,0.5
0.0,0.6084885466408375,0.5403576826530367,600,0.5
0.0,0.5522562568399554,0.5230756659529507,600,0.5
0.0,0.6515004392975488,0.6595713101469044,600,0.5
0.0,0.6447989969778369,0.6662867984662227,600,0.5
0.0,0.6843072727425306,0.7253252537172364,600,0.5
0.0,0.6163745529273711,0.6160977311112964,600,0.5
0.0,0.6887654267453152,0.6912712360252197,1200,0.5
0.0,0.6421585583566656,0.6906971722894114,1200,0.5
0.0,0.6088100492580687,0.5405059544719334,1200,0.5
0.0,0.6071290849920207,0.6163583164902812,1200,0.5
0.0,0.67078926657341,0.5917956328410329,1200,0.5
0.0,0.7546091461058984,0.8541540249779117,1200,0.5
0.0,0.6825984051219491,0.7057895271366879,1200,0.5
0.0,0.6961109135208631,0.7508228711041208,1200,0.5
0.0,0.6595123962042468,0.6536575890838611,1200,0.5
0.0,0.6099023663187274,0.6096933227152975,1200,0.5
0.860087962605554,0.6945865722866352,0.7357004793112667,2400,0.5
0.8861887796767169,0.6722649829772313,0.6708352209532611,2400,0.5
0.8833458663633807,0.7369890256274213,0.7442708858360016,2400,0.5
0.8617597440057827,0.66136601305302,0.7070232763025192,2400,0.5
0.8275589005324571,0.6648195683560478,0.7374321036965898,2400,0.5
0.8681321012210262,0.6769822818009367,0.7239573258624494,2400,0.5
0.8748140637474863,0.7013667369735899,0.7172912157275717,2400,0.5
0.8601467455608144,0.6519900954406613,0.6642559752929282,2400,0.5
0.8667528431573919,0.713508838312168,0.7275917239192191,2400,0.5
0.0,0.7004039674266661,0.7015512218091771,2400,0.5
0.0,0.6145014405035385,0.5907963629372226,600,0.52
0.0,0.5204161519436112,0.4793842784289995,600,0.52
0.0,0.5908286355365905,0.5912027804558556,600,0.52
0.0,0.5373451910802314,0.46162084994625835,600,0.52
0.0,0.5887353261891358,0.5032825894176572,600,0.52
0.0,0.5081635870546497,0.44130658579771714,600,0.52
0.0,0.5337707205949143,0.4950184068719964,600,0.52
0.0,0.5607796191995822,0.46044040305297695,600,0.52
0.0,0.564968000394374,0.5584025942690284,600,0.52
0.0,0.5388610516715537,0.558340084105191,600,0.52
0.0,0.5803540589438533,0.6182716794873843,1200,0.52
0.0,0.5510449019451248,0.567574399282431,1200,0.52
0.0,0.5697026341366376,0.6293630207685602,1200,0.52
0.0,0.477932231364756,0.4334981695726601,1200,0.52
0.0,0.4843700992754407,0.38220081212168294,1200,0.52
0.0,0.5540179781416076,0.594413504029659,1200,0.52
0.0,0.4845339476304751,0.4383726830947862,1200,0.52
0.0,0.5393453708361705,0.5740605860829255,1200,0.52
0.0,0.55199434893945,0.6166061617497415,1200,0.52
0.0,0.514815700943676,0.424612407347733,1200,0.52
0.0,0.5604699829664235,0.5183071827085229,2400,0.52
0.8485614619841166,0.5994266554548554,0.7084211731552017,2400,0.52
0.0,0.5564634182631093,0.49696274367057824,2400,0.52
0.0,0.6580351570758304,0.731173866009415,2400,0.52
0.0,0.5607099173557006,0.5248173997580591,2400,0.52
0.8752754555691413,0.6399227172645167,0.6909875886993807,2400,0.52
0.8422266842580922,0.5904555866260568,0.7051809369984758,2400,0.52
0.0,0.6323830843674016,0.757867398652987,2400,0.52
0.873134266628245,0.639113425026566,0.7170261455148426,2400,0.52
0.0,0.5651579254365554,0.62579528497386,2400,0.52
0.0,0.5352837784369343,0.42149185076002005,600,0.54
0.0,0.3895405362421608,0.3581636436174766,600,0.54
0.0,0.39476082420227687,0.37786954831501435,600,0.54
0.0,0.5011897601476919,0.5110071552086586,600,0.54
0.0,0.5022294163763222,0.5098580799427564,600,0.54
0.0,0.4735176606015322,0.3591962324827957,600,0.54
0.0,0.412051964766482,0.4072195829787253,600,0.54
0.0,0.38083301995512114,0.23731893410715726,600,0.54
0.0,0.4598674335500162,0.3902601092298481,600,0.54
0.0,0.4716171800258747,0.35698795506267167,600,0.54
0.0,0.47273914103538545,0.5052344372599902,1200,0.54
0.0,0.49723372610752337,0.4573871465822852,1200,0.54
0.0,0.46642977339151015,0.4716963823880337,1200,0.54
0.0,0.4606114502099727,0.4245959660618625,1200,0.54
0.0,0.4798165017147536,0.4238554895116094,1200,0.54
0.0,0.5749144855152911,0.6409861280255159,1200,0.54
0.0,0.48482678417439556,0.5427898572410673,1200,0.54
0.0,0.512237093354449,0.5799013791214133,1200,0.54
0.0,0.4256195541521047,0.37288402572077256,1200,0.54
0.0,0.42909633801388436,0.3906802184174356,1200,0.54
0.0,0.47145348967251655,0.4191484556563822,2400,0.54
0.0,0.6070176708480156,0.6338508411070348,2400,0.54
0.0,0.6112585078927522,0.7022851052926129,2400,0.54
0.0,0.6067303937070383,0.708328780777683,2400,0.54
0.0,0.4498296278827988,0.4784744250810094,2400,0.54
0.0,0.4741343484558049,0.42584591698518715,2400,0.54
0.0,0.5597388041335397,0.5403650815567197,2400,0.54
0.0,0.5412158087250362,0.5683344754588461,2400,0.54
0.0,0.5756037903615588,0.5772776395292102,2400,0.54
0.0,0.5556980806858512,0.6020338798357074,2400,0.54
0.0,0.3534313030037315,0.28115646500806857,600,0.56
0.0,0.4482661404743619,0.42852804822964025,600,0.56
0.0,0.3154474068384655,0.2853044828162661,600,0.56
0.0,0.3023636522417813,0.22380593423007794,600,0.56
0.0,0.4211374053803645,0.35811515897988777,600,0.56
0.0,0.4142940533808394,0.34713837556161903,600,0.56
0.0,0.3395386161363275,0.20522125488867712,600,0.56
0.0,0.3744874718355006,0.29660053807945436,600,0.56
0.0,0.4346197363865112,0.42242386431168233,600,0.56
0.0,0.33068557054777337,0.2608297831122695,600,0.56
0.0,0.437976730020727,0.3799262340332901,1200,0.56
0.0,0.3239346631773067,0.24600920372091886,1200,0.56
0.0,0.41411016741549816,0.42116831165670454,1200,0.56
0.0,0.3462164303630886,0.3508204569232589,1200,0.56
0.0,0.3470521722494292,0.3000494957562564,1200,0.56
0.0,0.3517878153104356,0.3225218469073127,1200,0.56
0.0,0.33762304469230714,0.3329804084275281,1200,0.56
0.0,0.35797416127736426,0.2920797805272651,1200,0.56
0.0,0.43092809014207595,0.4818254644448588,1200,0.56
0.0,0.410691544076133,0.36524172941715877,1200,0.56
0.0,0.4805131001133785,0.497475149850719,2400,0.56
0.0,0.43144726927479493,0.40799460730209525,2400,0.56
0.0,0.38958422225486905,0.36115097270075475,2400,0.56
0.0,0.5070503536897788,0.5563375163195454,2400,0.56
0.0,0.4515976634113611,0.4102494338812391,2400,0.56
0.0,0.41656127380920244,0.3307617751604482,2400,0.56
0.0,0.4204400748650791,0.4910196382904486,2400,0.56
0.0,0.4100984119338791,0.34266091773249513,2400,0.56
0.0,0.4676392174029037,0.5268418154160535,2400,0.56
0.0,0.44714647089942855,0.44814860529199674,2400,0.56
0.0,0.21805809197067252,0.15574999813363472,600,0.58
0.0,0.3282667774567016,0.24150295809121802,600,0.58
0.0,0.28441987786438655,0.19133215063755984,600,0.58
0.0,0.36495198163515924,0.32571681303146965,600,0.58
0.0,0.3527448884182932,0.24517199062809147,600,0.58
0.0,0.33358670449830313,0.26220187783910937,600,0.58
0.0,0.285702504740571,0.25560534068134283,600,0.58
0.0,0.3241278867642707,0.24617325110839267,600,0.58
0.0,0.32148997133597396,0.20399531669139484,600,0.58
0.0,0.31023871466754416,0.22750416336009213,600,0.58
0.0,0.31502058685531187,0.25910587164141224,1200,0.58
0.0,0.335891470087496,0.34270338491517327,1200,0.58
0.0,0.29060828929582455,0.2681117285418145,1200,0.58
0.0,0.30600857772923434,0.29851263004022066,1200,0.58
0.0,0.33263153607351986,0.3001499091469926,1200,0.58
0.0,0.3305745736954981,0.3069217494424161,1200,0.58
0.0,0.2873511807146861,0.2560993831222862,1200,0.58
0.0,0.2511457901334729,0.21716435721113056,1200,0.58
0.0,0.3729224232486162,0.42174064705060854,1200,0.58
0.0,0.29971992513237294,0.3013838401911665,1200,0.58
0.0,0.4202368898037625,0.4652534731130562,2400,0.58
0.0,0.3037415653920523,0.2445766378546382,2400,0.58
0.0,0.36374383086704243,0.38629638112236686,2400,0.58
0.0,0.4099471614227446,0.46096518232322925,2400,0.58
0.0,0.3865192647856849,0.41383311220550767,2400,0.58
0.0,0.403330557777395,0.48927940102076417,2400,0.58
0.0,0.4521709391895037,0.4444410000436726,2400,0.58
0.0,0.3690326343376039,0.42846765384132296,2400,0.58
0.0,0.3988365258481182,0.3855577837763047,2400,0.58
0.0,0.34559820540776454,0.38154317376344793,2400,0.58
0.0,0.2796229115092222,0.2673057074572986,600,0.6
0.0,0.2514223321941746,0.21623167312803748,600,0.6
0.0,0.2271822148935309,0.13945366571804313,600,0.6
0.0,0.27127169862277895,0.21486645371862167,600,0.6
0.0,0.24917177515168862,0.19690986575126873,600,0.6
0.0,0.21989014666138523,0.18580050456426053,600,0.6
0.0,0.2622578418371724,0.20778099115719612,600,0.6
0.0,0.17849839906216383,0.21463515327195315,600,0.6
0.0,0.2532040169292547,0.2110041893738476,600,0.6
0.0,0.23561681938391602,0.15074087749785808,600,0.6
0.0,0.2794878194871721,0.2561237595324156,1200,0.6
0.0,0.26199651859638795,0.27423919301868854,1200,0.6
0.0,0.2649095464305878,0.18391143933957543,1200,0.6
0.0,0.2798891090350634,0.29411006709530485,1200,0.6
0.0,0.21426661499602612,0.21412257410540514,1200,0.6
0.0,0.27322508389249,0.19109514043480763,1200,0.6
0.0,0.2613833742447731,0.2513198484226447,1200,0.6
0.0,0.2650530516616082,0.2697973283693235,1200,0.6
0.0,0.29505491490068786,0.2505883572332296,1200,0.6
0.0,0.26485897260400026,0.22970338044854455,1200,0.6
0.0,0.2743296234940758,0.26391884886176703,2400,0.6
0.0,0.3001478833227354,0.27280713696089826,2400,0.6
0.0,0.2979014052728241,0.3101475790277275,2400,0.6
0.0,0.28269487049330455,0.3027943727841895,2400,0.6
0.0,0.4144647716956387,0.45809553371061174,2400,0.6
0.0,0.26587428963007675,0.26987684232316944,2400,0.6
0.0,0.3948736807626475,0.5003160519439526,2400,0.6
0.0,0.2222047249085173,0.1948171444964262,2400,0.6
0.0,0.3045073371985842,0.29354871510956043,2400,0.6
0.0,0.27985616064779,0.26216105203891127,2400,0.6
